number,value,datetime_start,datetime_complete,duration,params_COOLDOWN_LOSS_MIN,params_DTE_MAX,params_DTE_MIN,params_ENTRY_END_HM,params_ER_WINDOW,params_HEDGE_REVERT_PTS,params_HEDGE_SL_PTS,params_HEDGE_STEP_PTS,params_IVR_DAYS,params_IVR_MAX,params_IV_EXPAND_EXIT,params_IV_RV_MAX,params_MAX_TRADES_PER_DAY,params_RV_WINDOW,params_STRADDLE_SL,params_STRADDLE_TP,params_THETA_MAX_MIN,user_attrs_n_trades,user_attrs_total_pnl,user_attrs_win_rate,state
0,-9.02018419177382,2026-02-28 20:18:43.306757,2026-02-28 20:19:02.948962,0 days 00:00:19.642205,31,10,1,12:30,16,29,142,79,20,42.472407130841745,0.05955149158473991,1.1655000144869412,5,47,0.11117876667508375,0.1545474901621302,186,307.0,-243227.75,0.3550488599348534,COMPLETE
1,-6.486849927279739,2026-02-28 20:19:03.007567,2026-02-28 20:19:19.704726,0 days 00:00:16.697159,88,4,1,13:30,42,18,124,80,16,28.36963163912251,0.032697374820829905,0.7045012539746527,5,28,0.131784340759473,0.3425192044349384,224,94.0,-46460.49999999998,0.6063829787234043,COMPLETE
2,-6.262530180078453,2026-02-28 20:19:19.757740,2026-02-28 20:19:36.502631,0 days 00:00:16.744891,85,10,4,13:00,22,27,175,73,22,22.063311266913104,0.02587954755836995,1.1365242814551473,3,23,0.11331708661125468,0.12654775061557585,138,141.0,-55358.99999999997,0.5673758865248227,COMPLETE
3,-4.908593263905592,2026-02-28 20:19:36.555083,2026-02-28 20:19:53.065878,0 days 00:00:16.510795,73,8,4,12:00,42,31,59,103,8,41.40519960161536,0.03506297773826686,0.6966541567811665,4,37,0.14093917385252636,0.12221339552022711,268,55.0,-26777.750000000015,0.5818181818181818,COMPLETE
4,-5.621597162038874,2026-02-28 20:19:53.119884,2026-02-28 20:20:10.207486,0 days 00:00:17.087602,47,7,4,13:00,46,43,187,64,21,38.65893930293973,0.024085794139275453,0.7276283254187229,3,47,0.09834154258886176,0.10762573802322856,213,70.0,-29477.000000000007,0.6,COMPLETE
5,-3.3275738527358873,2026-02-28 20:20:10.255390,2026-02-28 20:20:26.999800,0 days 00:00:16.744410,82,9,4,12:30,13,25,114,38,10,34.9575337489325,0.1364918689900541,0.7872680461249408,1,48,0.21726482637789063,0.26180267257469525,136,41.0,-35620.50000000001,0.34146341463414637,COMPLETE
6,-6.936939613044422,2026-02-28 20:20:27.055756,2026-02-28 20:20:44.106511,0 days 00:00:17.050755,88,8,3,13:00,27,12,142,60,18,69.08088595534959,0.08464230576601012,1.1025114082794403,2,10,0.12280299029031191,0.3887341884826334,132,209.0,-188567.74999999997,0.3014354066985646,COMPLETE
7,0.0,2026-02-28 20:20:44.175189,2026-02-28 20:20:45.236605,0 days 00:00:01.061416,42,5,4,12:30,19,31,78,130,28,50.16074139373169,0.0896507089297186,0.5360351258749926,4,24,0.1877000508293521,0.2896917491780739,81,,,,PRUNED
8,0.0,2026-02-28 20:20:45.292742,2026-02-28 20:20:46.415651,0 days 00:00:01.122909,23,4,4,13:00,30,46,129,127,5,22.446508493285833,0.05353241160297023,0.9136250602317693,2,44,0.22914769007476676,0.37740808548356886,219,,,,PRUNED
9,547.0,2026-02-28 20:20:46.472788,2026-02-28 20:21:03.856901,0 days 00:00:17.384113,27,8,4,13:00,35,10,74,108,28,34.5111374540271,0.021195616710161853,0.5651719374641294,1,55,0.1830929401421303,0.3695662565581238,84,21.0,-693.249999999996,0.7142857142857143,PRUNED
10,-7.1199400643839015,2026-02-28 20:21:03.916314,2026-02-28 20:21:21.289623,0 days 00:00:17.373309,42,7,3,13:30,39,51,170,137,10,52.924027361995165,0.14649137211781793,0.9843266383848852,1,43,0.12147823937444421,0.17956071030451765,154,119.0,-97288.5,0.16806722689075632,COMPLETE
11,-8.995117225111944,2026-02-28 20:21:21.342688,2026-02-28 20:21:38.145700,0 days 00:00:16.803012,16,10,4,13:30,39,29,108,132,10,50.15822558631153,0.14566512647567703,0.9038327192384514,2,35,0.15279130521394343,0.3784955687763176,292,74.0,-82972.75000000001,0.25675675675675674,COMPLETE
12,-7.8914926742622855,2026-02-28 20:21:38.198228,2026-02-28 20:21:54.973787,0 days 00:00:16.775559,71,7,1,13:30,48,63,180,126,19,71.06820029101141,0.06673384965856817,0.7218454036093943,5,18,0.19942229427780855,0.30910472229858044,130,224.0,-179789.0,0.29464285714285715,COMPLETE
13,-4.563553144293029,2026-02-28 20:21:55.030489,2026-02-28 20:22:11.949671,0 days 00:00:16.919182,50,8,1,12:30,36,64,104,29,25,74.79443315338827,0.09680832387397141,0.8579396792026565,1,35,0.12871201286180833,0.262793390412273,67,212.0,-150855.75,0.3490566037735849,COMPLETE
14,-6.534376477438664,2026-02-28 20:22:12.002834,2026-02-28 20:22:29.148680,0 days 00:00:17.145846,39,10,3,13:30,35,73,176,28,10,27.623630759113087,0.0770662846917327,0.8655702820383631,3,49,0.12604148271455262,0.33855585843061115,78,100.0,-120633.75000000001,0.43,COMPLETE
15,-5.817607546812291,2026-02-28 20:22:29.222231,2026-02-28 20:22:48.943302,0 days 00:00:19.721071,46,7,3,13:30,20,13,56,39,9,61.75845236562188,0.11851999436036799,0.7862670610899889,4,18,0.14051535537071447,0.17431929685034725,63,144.0,-97913.0,0.2847222222222222,COMPLETE
16,-6.405356928752567,2026-02-28 20:22:49.011717,2026-02-28 20:23:05.828436,0 days 00:00:16.816719,62,4,3,13:30,30,52,54,33,7,71.32763504066043,0.10563017211046286,0.9925605015660166,2,34,0.22560327300201477,0.25094087757402633,99,54.0,-62266.5,0.3148148148148148,COMPLETE
17,0.0,2026-02-28 20:23:05.889733,2026-02-28 20:23:06.763935,0 days 00:00:00.874202,22,5,4,13:30,36,65,53,65,15,55.1465348764078,0.1087908805441264,1.1581611689974702,1,39,0.09605530332850783,0.10546654769546493,77,,,,PRUNED
18,-9.009193428283448,2026-02-28 20:23:06.845967,2026-02-28 20:23:24.379615,0 days 00:00:17.533648,46,9,4,11:30,35,38,163,133,23,68.86810895533614,0.06430446023289232,0.6972983423413799,5,16,0.21199020332613944,0.21160542573783497,284,101.0,-113874.74999999999,0.33663366336633666,COMPLETE
19,-6.009367419137559,2026-02-28 20:23:24.432751,2026-02-28 20:23:41.172914,0 days 00:00:16.740163,87,6,1,13:30,43,54,163,66,18,65.27257244508094,0.07829791785718157,0.5721867081851528,5,56,0.18741232606886588,0.2720313664369859,130,52.0,-41415.75,0.3269230769230769,COMPLETE
20,-10.041055980793285,2026-02-28 20:23:41.233751,2026-02-28 20:23:58.508602,0 days 00:00:17.274851,22,9,1,12:30,12,15,62,113,17,67.4947426235509,0.02945919082734516,1.0527326999561877,4,14,0.1991647523480504,0.12523204183449924,258,382.0,-292133.25000000006,0.5445026178010471,COMPLETE
21,-7.686772902207814,2026-02-28 20:23:58.562403,2026-02-28 20:24:15.586649,0 days 00:00:17.024246,23,6,3,11:30,48,17,148,39,26,79.19837471007052,0.08092588345923642,0.7619895570292843,5,28,0.08193011961046125,0.24778753128725778,73,109.0,-87300.5,0.28440366972477066,COMPLETE
22,-9.184374400305492,2026-02-28 20:24:15.645469,2026-02-28 20:24:34.513418,0 days 00:00:18.867949,90,10,1,13:30,21,55,118,104,14,64.7626927559254,0.14600932963048285,0.9083581355680117,3,59,0.17415522834822453,0.12213896942061966,186,196.0,-189453.25,0.21428571428571427,COMPLETE
23,-8.581388418306808,2026-02-28 20:24:34.582858,2026-02-28 20:24:52.270769,0 days 00:00:17.687911,59,7,1,11:30,21,30,172,92,6,57.6534848050438,0.14820739678234837,0.9090200183461701,2,55,0.24564711730324829,0.12332039108949547,228,155.0,-200802.5,0.25161290322580643,COMPLETE
24,-6.829707384018178,2026-02-28 20:24:52.329136,2026-02-28 20:25:08.972492,0 days 00:00:16.643356,76,4,1,13:00,48,65,176,147,26,61.083870353232754,0.09723699299577758,0.6138318575414239,2,56,0.10557087148759979,0.39618283879448335,151,38.0,-26100.500000000007,0.2631578947368421,COMPLETE
25,-8.049613210194233,2026-02-28 20:25:09.031052,2026-02-28 20:25:25.753792,0 days 00:00:16.722740,49,9,4,12:00,45,50,104,109,6,48.12158958769822,0.09880270247861442,0.7903736516363655,2,23,0.2421886746339828,0.1387478245454485,115,57.0,-47810.75,0.3333333333333333,COMPLETE
26,-6.148040739378966,2026-02-28 20:25:25.815087,2026-02-28 20:25:42.908700,0 days 00:00:17.093613,62,4,1,13:00,31,48,109,69,25,26.81345553197774,0.03772829182628007,0.9701012369149598,4,36,0.11620390745651482,0.31122393042976715,63,162.0,-53343.24999999998,0.5,COMPLETE
27,-5.559500693046467,2026-02-28 20:25:42.971737,2026-02-28 20:25:59.970919,0 days 00:00:16.999182,49,7,4,13:00,42,15,69,55,18,46.248495321423746,0.06273770933737607,1.132911086145624,2,27,0.16374507597878785,0.3940097725856432,212,110.0,-90399.49999999997,0.45454545454545453,COMPLETE
28,-4.857235670366529,2026-02-28 20:26:00.028324,2026-02-28 20:26:17.531757,0 days 00:00:17.503433,36,4,1,12:00,17,34,126,50,21,27.682750337466345,0.0356826632430781,0.6063318854586061,1,17,0.09507943073869946,0.15310314528302404,171,67.0,-34496.74999999999,0.5074626865671642,COMPLETE
29,320.0,2026-02-28 20:26:17.607913,2026-02-28 20:26:35.193469,0 days 00:00:17.585556,43,5,3,12:00,13,12,88,119,21,61.42368971776192,0.06795877314407042,0.5275184978887693,2,50,0.1851033111601503,0.24535689555730641,171,13.0,-14514.499999999993,0.38461538461538464,PRUNED
30,-8.112142746216229,2026-02-28 20:26:35.265703,2026-02-28 20:26:53.077778,0 days 00:00:17.812075,72,9,3,12:30,14,34,149,56,11,38.117860934144225,0.14013450315162104,0.8388372772744476,2,55,0.19596058224808133,0.30177883771946046,139,81.0,-108148.24999999999,0.20987654320987653,COMPLETE
31,562.0,2026-02-28 20:26:53.134356,2026-02-28 20:27:09.773637,0 days 00:00:16.639281,77,7,4,12:00,42,49,62,95,9,42.47230861085551,0.04737112069495647,0.6023372548315576,5,46,0.1508341052974919,0.1374767711748801,269,28.0,-14571.250000000002,0.5,PRUNED
32,-8.509655197495075,2026-02-28 20:27:09.837043,2026-02-28 20:27:26.518595,0 days 00:00:16.681552,53,4,1,12:00,15,24,129,50,30,25.28660300450754,0.06551501650869802,0.7491850832746719,1,15,0.09213952430447021,0.12966085926309961,185,39.0,-39927.750000000015,0.28205128205128205,COMPLETE
33,-7.485548216292049,2026-02-28 20:27:26.580544,2026-02-28 20:27:43.542505,0 days 00:00:16.961961,59,10,1,12:30,32,58,93,47,27,72.3689748866786,0.07876252521285097,0.6665025729497244,1,29,0.09415108377291354,0.3603826937643145,109,152.0,-135728.25,0.2565789473684211,COMPLETE
34,-6.739478582544022,2026-02-28 20:27:43.993530,2026-02-28 20:28:01.120226,0 days 00:00:17.126696,54,9,1,12:30,40,68,96,45,29,76.81060062171991,0.08012637773530906,1.11924227493747,1,46,0.12341949378393269,0.25085076736219847,83,280.0,-198887.25000000003,0.275,COMPLETE
35,-4.0244567595484115,2026-02-28 20:28:01.208162,2026-02-28 20:28:18.567853,0 days 00:00:17.359691,30,6,1,12:00,15,53,136,60,18,27.78082474360954,0.03408376304936162,0.5196630722136477,2,21,0.12077428131981037,0.11443048540398873,209,76.0,-33669.5,0.631578947368421,COMPLETE
36,-5.736137644451518,2026-02-28 20:28:18.637544,2026-02-28 20:28:36.250667,0 days 00:00:17.613123,30,7,2,12:00,26,56,136,66,18,28.93333597556721,0.03994542669284819,0.6833484225316988,3,29,0.10182293886960589,0.14838141112022984,228,126.0,-66393.5,0.5079365079365079,COMPLETE
37,-7.6931495543980395,2026-02-28 20:28:36.308610,2026-02-28 20:29:01.532211,0 days 00:00:25.223601,76,8,4,11:30,14,23,87,42,10,47.516629491791214,0.12118484977425974,0.8291495398440571,1,35,0.24987309563341129,0.2703324051576041,134,53.0,-76143.75000000001,0.2641509433962264,COMPLETE
38,-4.406096652280137,2026-02-28 20:29:01.602499,2026-02-28 20:29:18.465704,0 days 00:00:16.863205,47,4,1,11:30,21,48,121,29,12,26.08870706189432,0.02297822299619627,0.623441124223951,1,21,0.1201262600714081,0.1364720878706492,187,56.0,-33552.250000000015,0.5714285714285714,COMPLETE
39,-4.617936688631594,2026-02-28 20:29:18.533627,2026-02-28 20:29:35.683346,0 days 00:00:17.149719,66,8,1,12:00,28,66,110,25,29,68.00398988864487,0.14374517315182123,0.7420922415231921,1,34,0.09139768381642333,0.18403655728239465,71,166.0,-139192.75,0.2891566265060241,COMPLETE
40,272.0,2026-02-28 20:29:35.769263,2026-02-28 20:29:53.295239,0 days 00:00:17.525976,36,6,1,12:30,16,34,103,44,7,41.50994506044328,0.03350058524146206,0.6081743218455743,1,15,0.17188478957534362,0.1924499817444789,134,24.0,-24497.500000000007,0.4583333333333333,PRUNED
41,-4.860640177115189,2026-02-28 20:29:53.385880,2026-02-28 20:30:11.416952,0 days 00:00:18.031072,62,7,1,12:00,18,58,101,50,27,57.91691554456954,0.1471267703810315,0.691643844437536,1,44,0.09941373337514194,0.15103183487215377,150,109.0,-71607.24999999999,0.22935779816513763,COMPLETE
42,-6.203110802433716,2026-02-28 20:30:11.481267,2026-02-28 20:30:28.444769,0 days 00:00:16.963502,86,7,1,13:00,49,56,100,36,25,78.16218649834859,0.14477828918579172,0.8333981731798328,2,33,0.09437874939676691,0.18454425343178163,109,219.0,-194473.5,0.228310502283105,COMPLETE
43,66.0,2026-02-28 20:30:28.507606,2026-02-28 20:30:45.316401,0 days 00:00:16.808795,55,4,2,11:30,11,66,104,30,16,20.45284052842391,0.03211544423099939,0.6368609543977121,1,11,0.12684016896049274,0.20931780192145344,237,12.0,-17250.250000000015,0.4166666666666667,PRUNED
44,-5.698926962482237,2026-02-28 20:30:45.388246,2026-02-28 20:31:02.210432,0 days 00:00:16.822186,43,4,2,11:30,36,43,158,44,9,37.26765466727594,0.03392240591696482,0.6564199622754074,1,32,0.10687883194016856,0.1528892398062455,228,37.0,-25868.50000000001,0.5945945945945946,COMPLETE
45,-9.537885344629313,2026-02-28 20:31:02.682538,2026-02-28 20:31:19.406601,0 days 00:00:16.724063,23,5,1,13:00,14,67,141,73,20,46.01498406814047,0.06267445039463465,0.5656732569724058,2,26,0.1644656956449491,0.1163441812095257,175,49.0,-50750.749999999985,0.30612244897959184,COMPLETE
46,-7.33272900490558,2026-02-28 20:31:19.476195,2026-02-28 20:31:37.159242,0 days 00:00:17.683047,51,9,1,12:30,37,69,93,33,22,79.21650172042993,0.145408243162693,0.8146673950781564,2,26,0.14199293821099004,0.2072705027680728,75,222.0,-236417.25000000003,0.22972972972972974,COMPLETE
47,-10.68179586661154,2026-02-28 20:31:37.235654,2026-02-28 20:31:54.765569,0 days 00:00:17.529915,54,4,1,11:30,22,60,122,26,6,42.12655167978503,0.048954473123052775,0.6060008408759429,1,31,0.12038319345551746,0.12398301292548265,127,30.0,-56021.25000000001,0.3333333333333333,COMPLETE
48,711.0,2026-02-28 20:31:54.841532,2026-02-28 20:32:12.349530,0 days 00:00:17.507998,76,8,4,12:30,13,26,112,44,10,24.75517912870707,0.12996725544565754,0.6332036688199489,1,49,0.1851875635683205,0.18922685915827614,125,27.0,-37904.00000000003,0.25925925925925924,PRUNED
49,-8.580596657352755,2026-02-28 20:32:12.433535,2026-02-28 20:32:29.260615,0 days 00:00:16.827080,83,10,4,13:30,10,25,129,31,10,36.719073149274905,0.10510454924631006,0.7046485522730082,2,56,0.22930769836864257,0.3347359376892604,176,45.0,-72702.75,0.3333333333333333,COMPLETE
50,-6.149577538134371,2026-02-28 20:32:29.328641,2026-02-28 20:32:46.316433,0 days 00:00:16.987792,49,7,1,11:30,31,60,110,33,23,64.84462953399824,0.0635008882704203,0.8215191850721935,1,32,0.11486919812138285,0.25610745081689806,74,190.0,-144536.50000000003,0.30526315789473685,COMPLETE
51,-5.672871454330973,2026-02-28 20:32:46.388787,2026-02-28 20:33:03.538711,0 days 00:00:17.149924,62,8,1,12:00,32,63,110,34,30,69.63804126236784,0.14427615283868833,0.7566931151234634,3,33,0.0800486674994369,0.22161672730258117,60,181.0,-123687.24999999999,0.24861878453038674,COMPLETE
52,-7.558195693115441,2026-02-28 20:33:03.609028,2026-02-28 20:33:20.839252,0 days 00:00:17.230224,22,4,1,12:00,11,26,170,70,16,20.934039280917567,0.02878713441421218,0.807177676384798,2,12,0.14332072913495425,0.20866190866059287,121,58.0,-42093.0,0.5517241379310345,COMPLETE
53,-3.6626383625528587,2026-02-28 20:33:20.905467,2026-02-28 20:33:38.383105,0 days 00:00:17.477638,41,6,1,12:00,15,23,142,55,16,45.43794207600669,0.02475292596267717,0.5925517141897123,1,10,0.10961802709906182,0.21852106737519286,220,35.0,-17276.000000000007,0.6285714285714286,COMPLETE
54,-7.98398415711955,2026-02-28 20:33:38.473772,2026-02-28 20:33:56.046537,0 days 00:00:17.572765,25,7,1,13:30,10,23,127,47,17,41.60781356367865,0.027466492397206603,0.6893333964334182,3,13,0.09399951533804063,0.2645183702670089,242,87.0,-65083.749999999956,0.5287356321839081,COMPLETE
55,-5.453743637880815,2026-02-28 20:33:56.130788,2026-02-28 20:34:13.487204,0 days 00:00:17.356416,49,6,1,12:00,18,18,181,59,16,42.99299668507408,0.032946970750041646,0.687901357299511,2,10,0.11543787481548731,0.17581465399540397,211,71.0,-54155.999999999985,0.5211267605633803,COMPLETE
56,-4.946658589862162,2026-02-28 20:34:13.552429,2026-02-28 20:34:30.215733,0 days 00:00:16.663304,27,6,2,12:00,27,28,133,60,8,45.09402706421483,0.03343786396394152,0.632752716426679,1,19,0.10891321844473513,0.2849540374750471,300,76.0,-48697.0,0.5657894736842105,COMPLETE
57,-6.168789272798477,2026-02-28 20:34:30.282631,2026-02-28 20:34:47.295140,0 days 00:00:17.012509,39,8,2,13:30,50,73,138,70,19,79.57064993888672,0.08213433676245172,0.7982965412339721,1,21,0.1275942332752872,0.3672691950565417,75,188.0,-105266.99999999999,0.26595744680851063,COMPLETE
58,-4.360275085118195,2026-02-28 20:34:47.364876,2026-02-28 20:35:04.776163,0 days 00:00:17.411287,49,8,2,12:30,36,47,126,27,23,62.29920846599192,0.11405250891474011,0.8436635295583211,3,46,0.109790596195061,0.31430604205273527,84,163.0,-124082.49999999997,0.3067484662576687,COMPLETE
59,-4.8815519142488935,2026-02-28 20:35:04.846933,2026-02-28 20:35:22.576849,0 days 00:00:17.729916,46,6,1,12:30,35,66,116,32,20,71.13656240306459,0.09533637977642344,0.8164800378168084,2,41,0.16415922428989446,0.2808626195353899,101,164.0,-129993.25,0.3353658536585366,COMPLETE
60,-3.7875916421073796,2026-02-28 20:35:22.670523,2026-02-28 20:35:40.401357,0 days 00:00:17.730834,52,8,3,12:30,29,42,172,35,29,52.19424329036763,0.09572256574663203,0.9286140065798694,3,57,0.11715167091768859,0.21337140712634806,67,130.0,-60784.99999999999,0.35384615384615387,COMPLETE
61,0.0,2026-02-28 20:35:40.481474,2026-02-28 20:35:41.895935,0 days 00:00:01.414461,35,5,4,12:30,19,33,166,33,26,57.2658545959427,0.08218296073851444,0.8569212645873487,4,49,0.09945855645514964,0.2531450560419291,91,,,,PRUNED
62,-5.371299294521702,2026-02-28 20:35:41.974067,2026-02-28 20:35:58.792667,0 days 00:00:16.818600,71,7,4,12:30,27,54,193,29,27,39.42391687385394,0.11004637730603681,1.001911332514851,2,58,0.14231152528504917,0.334068821938316,66,88.0,-64371.000000000015,0.42045454545454547,COMPLETE
63,-7.940920483562159,2026-02-28 20:35:58.869821,2026-02-28 20:36:16.190980,0 days 00:00:17.321159,48,10,4,13:00,21,45,192,39,24,52.797646023182516,0.08705514366001244,0.7816029814232037,3,60,0.1571448291848528,0.23037465464914594,132,66.0,-80239.75000000001,0.30303030303030304,COMPLETE
64,-3.8029674566853067,2026-02-28 20:36:16.264485,2026-02-28 20:36:33.325102,0 days 00:00:17.060617,69,10,2,13:30,29,40,153,41,19,53.814927668733645,0.12349033088123329,0.8445615703453361,2,53,0.08990013825908069,0.12900983302442937,90,138.0,-90629.99999999997,0.2971014492753623,COMPLETE
65,-3.1987205417788536,2026-02-28 20:36:33.400700,2026-02-28 20:36:50.219626,0 days 00:00:16.818926,68,10,2,13:30,32,39,187,79,22,44.59497687126403,0.10087802709526275,0.6580929812884408,1,39,0.13147218053775733,0.19707318750427338,82,77.0,-27800.25000000002,0.3246753246753247,COMPLETE
66,-6.346432841941066,2026-02-28 20:36:50.312944,2026-02-28 20:37:07.608621,0 days 00:00:17.295677,78,10,2,13:30,39,39,141,45,16,36.14954504702209,0.07997466320540275,0.636869969154356,2,39,0.12654124616525453,0.2619256630122099,81,79.0,-72523.50000000003,0.3924050632911392,COMPLETE
67,-7.130768945029386,2026-02-28 20:37:08.173298,2026-02-28 20:37:26.100348,0 days 00:00:17.927050,73,8,2,13:30,26,30,176,55,18,69.51657233489819,0.13478762004570327,0.8924497817162842,2,59,0.10979774455023905,0.16073424202054137,152,170.0,-176948.5,0.21176470588235294,COMPLETE
68,-4.746529054649073,2026-02-28 20:37:26.185103,2026-02-28 20:37:43.559176,0 days 00:00:17.374073,39,9,3,12:30,17,31,125,77,27,65.9682522497093,0.08420811170990139,1.1009688944303204,3,53,0.12974112623074235,0.240873889066985,68,221.0,-76396.0,0.29411764705882354,COMPLETE
69,-9.14413078811872,2026-02-28 20:37:43.638532,2026-02-28 20:38:00.729699,0 days 00:00:17.091167,55,8,3,12:30,43,43,122,27,28,57.60644233528353,0.10187049457285063,0.829709157440256,4,52,0.12293536011229592,0.34857171997108377,140,120.0,-177076.0,0.31666666666666665,COMPLETE
70,-9.0120065833604,2026-02-28 20:38:00.823988,2026-02-28 20:38:18.135913,0 days 00:00:17.311925,72,9,3,11:30,30,45,181,113,22,55.99784552293784,0.10721485566780259,0.6070019875583307,1,42,0.17560746392645812,0.23964633228218793,173,62.0,-66022.75,0.1935483870967742,COMPLETE
71,-3.4070031571613697,2026-02-28 20:38:18.207028,2026-02-28 20:38:35.339730,0 days 00:00:17.132702,50,7,2,12:00,19,42,192,31,29,53.20259947284116,0.10706037068327294,0.9964871560679384,4,58,0.12484129983268831,0.24652173758513976,111,192.0,-130724.99999999997,0.3125,COMPLETE
72,-5.77343856170278,2026-02-28 20:38:35.418728,2026-02-28 20:38:52.513058,0 days 00:00:17.094330,38,8,2,12:00,20,49,179,48,28,55.56048486077171,0.09870777427104166,1.0056173067611893,4,45,0.17829213230666777,0.23812284093288616,101,210.0,-164503.0,0.3,COMPLETE
73,-4.957048113651019,2026-02-28 20:38:52.587188,2026-02-28 20:39:11.073093,0 days 00:00:18.485905,75,10,3,13:30,39,32,189,83,27,38.48281199433076,0.12564885822137378,0.6572132391363799,1,47,0.09792195713502592,0.15153047224908142,68,55.0,-27465.0,0.18181818181818182,COMPLETE
74,-2.9538677177737345,2026-02-28 20:39:11.159088,2026-02-28 20:39:28.378482,0 days 00:00:17.219394,51,9,2,13:30,27,60,186,104,22,53.85107554876969,0.09426310667294764,0.6261421723713376,1,31,0.08912034178659983,0.3410331408881405,75,89.0,-26488.249999999993,0.25842696629213485,COMPLETE
75,-5.100515787684277,2026-02-28 20:39:28.453731,2026-02-28 20:39:45.474186,0 days 00:00:17.020455,59,10,1,13:30,33,28,126,36,18,51.271181333348444,0.09405114295235596,0.8445845689443625,2,33,0.08091733071610371,0.1272926241516029,134,175.0,-141181.5,0.28,COMPLETE
76,-6.735638341332779,2026-02-28 20:39:45.550453,2026-02-28 20:40:02.289583,0 days 00:00:16.739130,63,8,3,13:30,22,55,151,104,17,58.4314078857368,0.10193076529768204,0.5097635716735345,1,29,0.09869691657280753,0.39944196894208017,99,49.0,-32434.249999999993,0.1836734693877551,COMPLETE
77,-2.554072447243868,2026-02-28 20:40:02.369527,2026-02-28 20:40:19.775614,0 days 00:00:17.406087,60,5,2,12:00,27,29,169,33,24,58.26343215002309,0.08864850488427393,1.0500442903939353,5,47,0.09763620032758939,0.22271676453731504,164,101.0,-47088.25000000002,0.33663366336633666,COMPLETE
78,-5.840500246973162,2026-02-28 20:40:19.855942,2026-02-28 20:40:36.860304,0 days 00:00:17.004362,49,4,2,12:00,23,44,161,49,26,72.15143611136436,0.06816115293862529,0.9552191761306167,5,40,0.12095423495617526,0.2754430140261241,249,110.0,-84658.99999999999,0.36363636363636365,COMPLETE
79,-6.979805360134222,2026-02-28 20:40:36.938185,2026-02-28 20:40:54.329257,0 days 00:00:17.391072,65,5,2,12:00,34,31,168,28,14,48.993478898852985,0.07632047685831365,1.010158173326483,5,37,0.10815553586700172,0.23955664772684634,126,93.0,-124507.99999999999,0.3333333333333333,COMPLETE
80,-2.1270233050769902,2026-02-28 20:40:54.425847,2026-02-28 20:41:13.458419,0 days 00:00:19.032572,47,10,3,13:30,26,60,167,32,17,42.02818855757161,0.12131109868453617,0.9091499191145423,2,53,0.08985031431806637,0.18183184847773226,86,110.0,-51495.49999999999,0.2909090909090909,COMPLETE
81,-5.687980851500462,2026-02-28 20:41:13.541275,2026-02-28 20:41:30.485230,0 days 00:00:16.943955,55,10,3,13:30,22,50,177,70,19,30.007528808235655,0.1484174568714001,1.074321071241398,3,54,0.12423525468986515,0.11688242349127508,115,152.0,-98472.5,0.3092105263157895,COMPLETE
82,-6.993670856040079,2026-02-28 20:41:30.561126,2026-02-28 20:41:47.513570,0 days 00:00:16.952444,34,10,2,13:30,21,47,178,86,21,68.06109011868332,0.07179425601568229,0.8130334584122185,1,39,0.11369089654565817,0.2959663763627029,111,153.0,-101665.5,0.30718954248366015,COMPLETE
83,-3.9612036483645574,2026-02-28 20:41:47.589120,2026-02-28 20:42:04.652156,0 days 00:00:17.063036,42,9,2,13:30,31,72,180,52,15,44.295111530153314,0.12470462523425457,0.8159924516244214,2,49,0.08582995228639127,0.17590500408524318,72,120.0,-53113.74999999997,0.26666666666666666,COMPLETE
84,-7.141965182848149,2026-02-28 20:42:05.111250,2026-02-28 20:42:22.362273,0 days 00:00:17.251023,68,6,3,11:30,21,37,165,33,30,61.12906729651606,0.1019181295413548,1.0204330026268815,4,59,0.1472779512346803,0.2047910621028085,220,122.0,-183768.74999999997,0.2540983606557377,COMPLETE
85,-4.016490871869005,2026-02-28 20:42:22.454909,2026-02-28 20:42:39.953755,0 days 00:00:17.498846,79,10,3,12:30,40,37,192,52,26,49.214834249265444,0.08870975675255013,0.9270825000372701,3,54,0.16063809920204758,0.1450936755356452,104,126.0,-72249.50000000001,0.31746031746031744,COMPLETE
86,-5.587210906450877,2026-02-28 20:42:40.048441,2026-02-28 20:42:58.973475,0 days 00:00:18.925034,72,7,1,12:00,17,32,128,33,23,62.03052247556642,0.13389818221207173,1.0291656257259136,5,52,0.0908138136909703,0.20029148715674436,102,255.0,-183723.25000000006,0.24705882352941178,COMPLETE
87,-3.1206990109762356,2026-02-28 20:42:59.086836,2026-02-28 20:43:16.488087,0 days 00:00:17.401251,61,10,1,13:30,25,42,190,80,22,31.646506119385435,0.11403942193248706,0.6890998510803628,2,25,0.17594344320657837,0.15729658398351298,72,126.0,-46022.999999999985,0.2777777777777778,COMPLETE
88,-2.095503712262276,2026-02-28 20:43:16.580962,2026-02-28 20:43:33.528642,0 days 00:00:16.947680,80,9,1,13:30,29,37,157,84,14,35.40345463753137,0.11813849359787984,0.6656052204401751,2,12,0.1967098386666236,0.1263605812111421,66,59.0,-16682.25000000001,0.3389830508474576,COMPLETE
89,-4.48752914040132,2026-02-28 20:43:33.627860,2026-02-28 20:43:50.516528,0 days 00:00:16.888668,80,8,1,13:30,29,48,143,74,13,32.1804380649129,0.1383976555238467,0.7407103613584256,2,14,0.1982464857579474,0.180444931961942,79,75.0,-47540.50000000003,0.28,COMPLETE
90,-5.776485182760103,2026-02-28 20:43:50.604736,2026-02-28 20:44:08.029418,0 days 00:00:17.424682,87,10,1,13:30,28,74,184,91,27,47.84940123123944,0.11293406519687572,0.6053457225325163,2,35,0.10881717050949999,0.3436128238653618,127,89.0,-63967.250000000015,0.24719101123595505,COMPLETE
91,-6.478675668370544,2026-02-28 20:44:08.108948,2026-02-28 20:44:25.158345,0 days 00:00:17.049397,54,9,1,12:00,25,41,175,98,10,25.26600890563199,0.06274701266010492,0.8257042041165372,1,11,0.19651916716351006,0.10927854133297771,103,100.0,-73474.74999999999,0.33,COMPLETE
92,-4.589456047750765,2026-02-28 20:44:25.264464,2026-02-28 20:44:43.042689,0 days 00:00:17.778225,54,10,1,13:30,32,33,159,104,24,28.581358231348585,0.1007881223912235,0.6256721567317398,4,30,0.16761909904668537,0.1132763823026494,101,93.0,-51222.49999999999,0.3010752688172043,COMPLETE
93,-3.320934430026598,2026-02-28 20:44:43.145549,2026-02-28 20:45:01.228029,0 days 00:00:18.082480,49,5,2,13:30,27,31,161,57,25,52.509766961606246,0.09329100316974342,0.9961823533543763,5,45,0.09162644551730313,0.23056285271645627,119,93.0,-39341.749999999985,0.3655913978494624,COMPLETE
94,-7.698712599413011,2026-02-28 20:45:01.310064,2026-02-28 20:45:18.436119,0 days 00:00:17.126055,34,5,1,13:00,29,35,175,38,22,63.68991159412044,0.1099349068404457,1.1047803076389255,3,48,0.10101014783838543,0.250997807875842,109,184.0,-168655.5,0.25,COMPLETE
95,-6.129038557763887,2026-02-28 20:45:18.513505,2026-02-28 20:45:35.388495,0 days 00:00:16.874990,53,5,1,13:30,20,30,159,56,28,48.10495485606302,0.09499368247675502,1.179243125837669,5,48,0.10504747553952347,0.25877686381486176,95,176.0,-106719.25,0.29545454545454547,COMPLETE
96,-5.792816554162325,2026-02-28 20:45:35.473049,2026-02-28 20:45:52.468207,0 days 00:00:16.995158,62,6,1,12:00,12,36,200,40,22,35.197516803071935,0.11594783677238815,1.0303265167326274,4,57,0.10463588983676593,0.3015705686268393,110,169.0,-153853.25,0.26627218934911245,COMPLETE
97,-4.535205756906935,2026-02-28 20:45:52.916971,2026-02-28 20:46:09.907589,0 days 00:00:16.990618,85,10,1,13:30,33,45,196,36,23,25.93396257889778,0.11430476402581989,0.6620685345662151,1,28,0.13909273559376634,0.11551237377114992,138,101.0,-111417.75,0.2871287128712871,COMPLETE
98,-4.915643806126052,2026-02-28 20:46:10.028915,2026-02-28 20:46:27.942859,0 days 00:00:17.913944,33,9,2,13:30,18,41,192,87,17,43.239478169454564,0.10141484497676,0.6579032897341758,3,16,0.20272225692871118,0.18751441245235678,91,124.0,-70563.75000000004,0.29838709677419356,COMPLETE
99,-4.984022736100817,2026-02-28 20:46:28.052078,2026-02-28 20:46:45.707528,0 days 00:00:17.655450,63,10,2,13:00,44,45,183,62,25,67.24762556775063,0.0897296373715392,0.7214799064693094,1,26,0.17988680303048446,0.2461854320204639,79,145.0,-85701.5,0.3103448275862069,COMPLETE
100,-6.58049517266983,2026-02-28 20:46:45.816233,2026-02-28 20:47:03.438737,0 days 00:00:17.622504,38,5,1,12:30,12,37,155,46,25,64.87143179109181,0.03741764674313039,0.5272380198960254,2,17,0.12162286678796158,0.23941373557006376,190,66.0,-51897.0,0.5,COMPLETE
101,-2.3003859000529006,2026-02-28 20:47:03.594586,2026-02-28 20:47:20.442761,0 days 00:00:16.848175,53,5,3,12:00,29,37,181,36,29,51.9893878372111,0.09647563302841433,1.046711716993828,4,58,0.11666598910573743,0.19982187630163806,72,50.0,-20850.499999999975,0.4,COMPLETE
102,-3.2560705200350135,2026-02-28 20:47:20.543214,2026-02-28 20:47:37.414263,0 days 00:00:16.871049,67,10,1,13:30,18,34,199,88,27,29.13987769456931,0.12400953524474352,0.6681068177892067,1,12,0.18267737843452234,0.22069168834067493,73,54.0,-25151.250000000004,0.25925925925925924,COMPLETE
103,-5.62592764313915,2026-02-28 20:47:37.500931,2026-02-28 20:47:54.846502,0 days 00:00:17.345571,68,10,1,13:30,13,20,154,87,27,37.17321214565966,0.13591013201400587,0.7560942281468266,1,10,0.2182909237581744,0.3270178412711812,107,93.0,-71311.0,0.2903225806451613,COMPLETE
104,-4.61224358914592,2026-02-28 20:47:54.931145,2026-02-28 20:48:12.449438,0 days 00:00:17.518293,46,4,3,12:00,46,35,199,55,24,44.1495190218509,0.10274340823758787,0.8424098163413964,3,47,0.09512302622027259,0.21473355064102603,66,38.0,-17923.500000000007,0.2894736842105263,COMPLETE
105,-3.8399800283830374,2026-02-28 20:48:12.563355,2026-02-28 20:48:30.249431,0 days 00:00:17.686076,44,10,1,13:30,36,32,176,90,25,34.06888859593847,0.11677064891516041,0.6716922211324898,1,20,0.21966945314012853,0.21639960617764484,69,124.0,-54837.749999999985,0.23387096774193547,COMPLETE
106,-5.549736816643731,2026-02-28 20:48:30.375359,2026-02-28 20:48:47.942127,0 days 00:00:17.566768,90,9,4,12:30,21,18,97,28,8,40.948046462183896,0.14975206609690905,0.8379179874942879,1,60,0.24902909851762545,0.33304290798449215,121,45.0,-59296.75,0.28888888888888886,COMPLETE
107,141.0,2026-02-28 20:48:48.026595,2026-02-28 20:49:04.835949,0 days 00:00:16.809354,73,10,1,13:30,18,34,196,106,17,35.96656536350485,0.1226516194821238,0.5070602451305344,1,13,0.19801262814175188,0.1974004639282123,180,14.0,-21833.749999999993,0.42857142857142855,PRUNED
108,-5.004230623077663,2026-02-28 20:49:04.922242,2026-02-28 20:49:22.431103,0 days 00:00:17.508861,64,10,1,12:00,18,60,190,55,27,27.232793926233157,0.096347553895012,0.771372651672015,2,16,0.20592969627380162,0.18872988627662454,93,181.0,-120991.00000000003,0.35359116022099446,COMPLETE
109,-1.5965093370565437,2026-02-28 20:49:22.531764,2026-02-28 20:49:39.967998,0 days 00:00:17.436234,73,5,3,12:00,24,32,172,70,29,36.58696993217319,0.1003271427773018,1.1206895850832852,3,56,0.15615928821672892,0.15643256932848812,69,52.0,-10403.750000000007,0.3076923076923077,COMPLETE
110,-3.334421939751119,2026-02-28 20:49:40.058865,2026-02-28 20:49:57.530249,0 days 00:00:17.471384,81,5,3,12:00,17,12,172,44,22,36.1978890816376,0.07364439343769609,1.0905823481609986,4,57,0.17467572798833791,0.19794071118777665,83,55.0,-29246.999999999993,0.32727272727272727,COMPLETE
111,-1.18592406343342,2026-02-28 20:49:57.642650,2026-02-28 20:50:15.538298,0 days 00:00:17.895648,60,5,3,12:00,28,40,153,75,30,27.856751139449912,0.10012405572510091,1.1751390036978264,1,37,0.12520026746427151,0.2447395289598412,76,49.0,-7288.250000000004,0.32653061224489793,COMPLETE
112,-6.329703271677762,2026-02-28 20:50:15.657295,2026-02-28 20:50:32.729733,0 days 00:00:17.072438,43,5,3,12:00,26,45,125,64,29,21.992885592293213,0.1052607607022777,1.1648498521855972,2,35,0.11271426309463496,0.20365193851391075,126,49.0,-34449.74999999999,0.32653061224489793,COMPLETE
113,-7.397580613921716,2026-02-28 20:50:33.214937,2026-02-28 20:50:50.347889,0 days 00:00:17.132952,57,6,3,12:00,34,35,101,56,29,53.31570248208917,0.10699579367079567,1.0077675713598309,3,51,0.11966750063429772,0.18587179098108733,75,120.0,-100436.25,0.225,COMPLETE
114,354.0,2026-02-28 20:50:50.437103,2026-02-28 20:51:07.393526,0 days 00:00:16.956423,50,9,2,13:30,36,66,186,145,21,61.00642114431372,0.07892718809695222,0.5989617729746298,1,15,0.14639702180294709,0.3119958725001275,95,29.0,-16565.249999999993,0.3103448275862069,PRUNED
115,-6.303293000257625,2026-02-28 20:51:07.485491,2026-02-28 20:51:24.900715,0 days 00:00:17.415224,36,9,4,13:30,26,51,172,25,11,24.765309563268723,0.10518380339198292,0.8226834717243815,1,55,0.09257554334850084,0.21429958819398812,160,42.0,-75289.0,0.23809523809523808,COMPLETE
116,0.0,2026-02-28 20:51:24.994496,2026-02-28 20:51:26.458391,0 days 00:00:01.463895,59,4,4,12:00,32,37,183,103,22,20.961718555526048,0.12944622532209152,0.9597627484116061,2,38,0.20948361127999449,0.17855686116138575,71,,,,PRUNED
117,-7.064530155357784,2026-02-28 20:51:26.570114,2026-02-28 20:51:44.847039,0 days 00:00:18.276925,54,10,3,12:30,10,20,108,31,5,23.255671458719252,0.13023780566193255,0.9908706018425316,1,21,0.19963379916283322,0.2542753408956474,150,80.0,-129876.25000000001,0.2625,COMPLETE
118,-3.8012128310198006,2026-02-28 20:51:44.961526,2026-02-28 20:52:02.631704,0 days 00:00:17.670178,33,10,2,12:00,35,45,165,96,30,47.63192079262008,0.1281553964998675,0.6447175546762733,2,28,0.08319157067740107,0.36495974740196035,80,105.0,-40553.25000000001,0.23809523809523808,COMPLETE
119,-1.401582134366864,2026-02-28 20:52:02.745924,2026-02-28 20:52:19.751289,0 days 00:00:17.005365,85,5,3,13:30,37,18,187,67,30,35.11451591377363,0.10261931458294919,0.9774466571810758,3,57,0.165010196739505,0.12775599448681377,63,44.0,-10638.25000000001,0.29545454545454547,COMPLETE
120,-4.722735165123742,2026-02-28 20:52:20.225628,2026-02-28 20:52:37.231980,0 days 00:00:17.006352,85,6,3,13:30,44,21,195,93,22,42.040288611225584,0.10529394736308297,0.997223909885971,5,53,0.1636332543803045,0.10999714587101232,90,105.0,-69026.25000000001,0.24761904761904763,COMPLETE
121,-5.722416525355571,2026-02-28 20:52:37.324260,2026-02-28 20:52:54.273143,0 days 00:00:16.948883,68,6,4,12:30,32,23,170,104,29,34.4331090442842,0.12244383049547429,1.136876287842102,3,55,0.13804126939320088,0.2475886015618673,100,61.0,-35894.00000000001,0.22950819672131148,COMPLETE
122,-5.869451618678777,2026-02-28 20:52:54.368851,2026-02-28 20:53:11.335173,0 days 00:00:16.966322,77,4,3,12:30,43,33,149,45,23,23.924388429072216,0.13076904723983343,0.9953013720659333,3,57,0.1547267807394629,0.12242250413391395,138,42.0,-51589.0,0.2857142857142857,COMPLETE
123,-5.931332806671305,2026-02-28 20:53:11.827511,2026-02-28 20:53:29.843760,0 days 00:00:18.016249,77,6,3,12:00,43,49,164,76,29,34.92908857564184,0.05954453955644182,1.186317499980973,1,57,0.10978775192481477,0.20204607462016286,86,98.0,-58454.99999999999,0.32653061224489793,COMPLETE
124,-5.821619567474332,2026-02-28 20:53:29.967413,2026-02-28 20:53:47.787867,0 days 00:00:17.820454,72,5,2,12:00,28,24,169,95,24,24.16471310147136,0.08628772958078211,1.020820999705482,1,32,0.12852568304756481,0.3794772583506242,119,80.0,-53938.24999999999,0.3375,COMPLETE
125,-5.213025291247767,2026-02-28 20:53:47.878083,2026-02-28 20:54:04.947125,0 days 00:00:17.069042,89,8,3,13:30,38,24,177,50,30,22.300127003413145,0.14994858315040158,1.1131766212479035,3,42,0.10766574936616344,0.1268710130955504,83,152.0,-105137.50000000003,0.24342105263157895,COMPLETE
126,-4.680106764818326,2026-02-28 20:54:05.414777,2026-02-28 20:54:22.545147,0 days 00:00:17.130370,28,7,2,13:30,28,21,174,41,21,39.95820401120318,0.09603331441224722,0.8189438504663553,4,46,0.08628443971330216,0.18902943711616282,163,136.0,-106047.5,0.3382352941176471,COMPLETE
127,-5.68129459174785,2026-02-28 20:54:22.637725,2026-02-28 20:54:39.774031,0 days 00:00:17.136306,89,5,2,13:30,46,27,190,44,26,50.27585838975968,0.07877099121761594,1.184529764461242,2,59,0.18907892266380008,0.24784960917592516,106,112.0,-98407.99999999999,0.4017857142857143,COMPLETE
128,-4.2098544163359435,2026-02-28 20:54:39.885773,2026-02-28 20:54:56.854187,0 days 00:00:16.968414,64,9,2,13:00,20,12,192,97,28,40.60847482293112,0.10019933617518062,0.6902277627974852,3,20,0.14793219753498,0.1858368005878812,64,127.0,-47790.0,0.25196850393700787,COMPLETE
129,-3.0204158141219177,2026-02-28 20:54:57.331277,2026-02-28 20:55:14.876372,0 days 00:00:17.545095,56,4,3,12:00,29,48,166,38,25,48.53860950387347,0.0881184728677448,0.9348444831534224,5,60,0.1199537033837804,0.20580266598472738,73,40.0,-14996.749999999989,0.35,COMPLETE
130,0.0,2026-02-28 20:55:15.001448,2026-02-28 20:55:16.576634,0 days 00:00:01.575186,44,5,4,12:00,29,27,185,67,25,50.43953244124147,0.08254451252936364,0.986264036874137,5,58,0.10690849301607597,0.18502384034603797,98,,,,PRUNED
131,-6.363421717526967,2026-02-28 20:55:16.703034,2026-02-28 20:55:34.664299,0 days 00:00:17.961265,39,6,3,13:30,24,26,162,75,25,67.65353484371248,0.06581226434945672,0.9289168188862975,5,44,0.0899653255879505,0.28271038881401545,139,137.0,-85634.5,0.36496350364963503,COMPLETE
132,0.0,2026-02-28 20:55:34.755768,2026-02-28 20:55:35.894629,0 days 00:00:01.138861,82,5,4,13:30,33,17,135,88,27,44.99306448584318,0.07933357564381906,1.0551692724189565,2,58,0.16314406036307486,0.12065266406947543,163,,,,PRUNED
133,-2.749169900096542,2026-02-28 20:55:36.001882,2026-02-28 20:55:53.491301,0 days 00:00:17.489419,73,9,1,11:30,32,46,195,88,18,30.35920302335741,0.09873904327470892,0.6673532966203426,1,31,0.12563350001634457,0.2154045594728138,73,94.0,-31790.74999999999,0.2765957446808511,COMPLETE
134,-4.286594335018718,2026-02-28 20:55:53.595233,2026-02-28 20:56:10.583570,0 days 00:00:16.988337,61,8,1,11:30,12,51,192,105,28,40.44472076583157,0.12565504854423437,0.6736262323690502,1,13,0.14912164693757302,0.33335780873504756,74,48.0,-26034.500000000004,0.2916666666666667,COMPLETE
135,-5.3477090857408065,2026-02-28 20:56:10.681446,2026-02-28 20:56:27.696051,0 days 00:00:17.014605,86,8,1,11:30,24,38,142,108,17,33.42252112886126,0.08329686709313136,0.7236945521347491,1,24,0.13360410147845247,0.2499984380932439,76,122.0,-59330.75000000001,0.26229508196721313,COMPLETE
136,-6.242021574368552,2026-02-28 20:56:27.788907,2026-02-28 20:56:46.313008,0 days 00:00:18.524101,83,7,3,13:00,17,40,154,80,22,53.64898705568157,0.11175275200777535,1.1967727265405865,3,49,0.16273590971474766,0.17227124278820172,66,205.0,-95251.0,0.24878048780487805,COMPLETE
137,-5.296600711876783,2026-02-28 20:56:46.440815,2026-02-28 20:57:04.389697,0 days 00:00:17.948882,75,8,1,11:30,32,67,180,81,21,26.77299383951686,0.11170674393326989,0.7586002150668585,2,14,0.14302738102238927,0.20025509129467559,103,78.0,-50785.49999999999,0.3076923076923077,COMPLETE
138,-2.8097636088773754,2026-02-28 20:57:04.482123,2026-02-28 20:57:21.784848,0 days 00:00:17.302725,87,10,1,13:00,38,33,158,103,6,53.267737349387076,0.09606409296985605,0.632383159644482,2,14,0.19452490489635643,0.1438274167799894,84,40.0,-12016.250000000007,0.375,COMPLETE
139,-5.461703476415989,2026-02-28 20:57:21.884591,2026-02-28 20:57:39.474487,0 days 00:00:17.589896,54,9,2,13:30,10,21,198,140,29,25.892717100632577,0.10425767853363525,0.8592267612494768,1,28,0.18511013531174714,0.14510681425468241,106,131.0,-79292.99999999999,0.2595419847328244,COMPLETE
140,-5.9864439526269235,2026-02-28 20:57:39.576927,2026-02-28 20:57:56.722401,0 days 00:00:17.145474,84,10,1,13:00,32,20,178,133,9,63.75013438377539,0.08278619548551602,0.5999904541530366,3,16,0.1808546168162213,0.1493689712603657,89,135.0,-72049.0,0.2740740740740741,COMPLETE
141,-2.8626475314767235,2026-02-28 20:57:56.819703,2026-02-28 20:58:13.942217,0 days 00:00:17.122514,85,10,1,11:30,36,56,189,78,11,20.627565731427147,0.08456699856121863,0.7306121098015238,1,33,0.09270779117245306,0.19215570642317814,61,93.0,-24371.999999999985,0.3225806451612903,COMPLETE
142,0.0,2026-02-28 20:58:14.057952,2026-02-28 20:58:15.464573,0 days 00:00:01.406621,73,4,4,11:30,31,67,179,35,30,53.17597903746285,0.0813795218835773,0.8980147949420559,4,58,0.12502951370467116,0.17392796233040925,88,,,,PRUNED
143,-6.502504948932168,2026-02-28 20:58:15.617057,2026-02-28 20:58:33.770437,0 days 00:00:18.153380,89,6,3,13:30,36,15,169,55,27,31.694414318288846,0.06039412286637684,0.7119282872533748,4,54,0.21288314184589063,0.15514200329275718,89,66.0,-79304.25,0.36363636363636365,COMPLETE
144,-4.038504420106043,2026-02-28 20:58:33.905980,2026-02-28 20:58:51.171868,0 days 00:00:17.265888,83,8,1,11:30,46,57,191,82,14,31.148372601033326,0.08036986055473387,0.6730713930919516,2,47,0.11352781335317254,0.2169186681124772,111,85.0,-35019.75000000001,0.38823529411764707,COMPLETE
145,-3.274978526264123,2026-02-28 20:58:51.287253,2026-02-28 20:59:08.465818,0 days 00:00:17.178565,85,9,2,11:30,45,70,178,38,8,21.839930143026088,0.06874921869506095,0.7656641805879563,1,29,0.0997111801008493,0.15050917097291766,63,85.0,-40896.0,0.4117647058823529,COMPLETE
146,-3.4939104041702223,2026-02-28 20:59:08.939911,2026-02-28 20:59:26.154581,0 days 00:00:17.214670,60,4,2,12:00,24,55,139,68,21,62.044106835791005,0.07701571697414519,0.93179696365731,4,60,0.11240069774557221,0.2711199978987594,81,84.0,-28351.249999999993,0.38095238095238093,COMPLETE
147,-3.6124229496206257,2026-02-28 20:59:26.255002,2026-02-28 20:59:43.203840,0 days 00:00:16.948838,61,5,3,12:00,13,13,185,76,29,34.65699339629003,0.12167830231462803,1.1804015045675187,2,57,0.10841394318887891,0.22464189724809813,99,55.0,-26504.249999999978,0.2727272727272727,COMPLETE
148,-5.469323699014801,2026-02-28 20:59:43.311580,2026-02-28 21:00:00.471263,0 days 00:00:17.159683,85,9,1,13:00,33,38,197,89,18,36.472687595656566,0.11028892156924161,0.7253784993891876,2,27,0.10511398917121659,0.22373006616254928,118,129.0,-80960.75,0.2713178294573643,COMPLETE
149,-6.783729803277008,2026-02-28 21:00:01.075883,2026-02-28 21:00:18.981131,0 days 00:00:17.905248,88,10,2,13:00,48,43,197,75,6,38.47124085319302,0.05850222305853172,0.7821762527366627,2,15,0.21523718990194893,0.20252019584987418,110,78.0,-71830.5,0.4230769230769231,COMPLETE
150,139.0,2026-02-28 21:00:19.119369,2026-02-28 21:00:36.528606,0 days 00:00:17.409237,85,10,1,12:00,30,18,89,90,14,42.14295092418404,0.12639611607545292,0.5266758522398375,1,14,0.17965197474466704,0.1294790536409536,81,16.0,-7617.249999999983,0.3125,PRUNED
151,-3.6468127331985523,2026-02-28 21:00:36.635476,2026-02-28 21:00:53.595770,0 days 00:00:16.960294,82,4,3,12:00,21,39,174,80,30,39.33962488275182,0.13554055159307035,1.1926584911503433,4,53,0.1614768455489438,0.13039039597451935,62,51.0,-21013.750000000004,0.23529411764705882,COMPLETE
152,-2.1086480571918216,2026-02-28 21:00:54.072822,2026-02-28 21:01:11.132233,0 days 00:00:17.059411,59,9,2,11:30,27,36,200,71,13,25.31852654010651,0.10634064381965098,0.6571552974631646,2,44,0.09727753264330435,0.21347578300720702,67,69.0,-14515.000000000004,0.34782608695652173,COMPLETE
153,-6.408219473150909,2026-02-28 21:01:11.240045,2026-02-28 21:01:28.432663,0 days 00:00:17.192618,54,8,1,11:30,30,30,180,59,12,37.16626061054039,0.09923996453406847,0.5496513380024088,2,46,0.08104090186195581,0.13903191274460025,67,43.0,-29386.49999999999,0.2558139534883721,COMPLETE
154,-6.814359364433425,2026-02-28 21:01:28.541783,2026-02-28 21:01:46.283875,0 days 00:00:17.742092,77,10,1,13:00,37,43,121,120,7,49.56467917840166,0.09926681765920975,0.645069710422157,2,25,0.19214685374188803,0.11332993396273215,165,99.0,-83576.24999999999,0.31313131313131315,COMPLETE
155,-4.418101543519999,2026-02-28 21:01:46.419414,2026-02-28 21:02:04.529995,0 days 00:00:18.110581,51,8,2,13:00,23,36,151,59,13,25.454590071697606,0.12628684529489503,0.6958916836917665,1,44,0.13321110222912197,0.3161943301129676,119,69.0,-50085.74999999999,0.2898550724637681,COMPLETE
156,-4.190026366149328,2026-02-28 21:02:04.686558,2026-02-28 21:02:22.123837,0 days 00:00:17.437279,59,10,3,11:30,24,37,188,78,11,20.599851397176476,0.0960315154705705,0.6295934948498049,2,34,0.08207860327233732,0.21726991852391528,63,51.0,-21486.750000000004,0.3137254901960784,COMPLETE
157,-6.3554609852230275,2026-02-28 21:02:22.221596,2026-02-28 21:02:39.864402,0 days 00:00:17.642806,82,9,2,13:30,30,47,197,106,25,52.947876363243545,0.0584670260224581,0.6335808954663594,2,39,0.16463142252457225,0.1066672742345788,72,100.0,-54344.25,0.36,COMPLETE
158,-4.3065045881848985,2026-02-28 21:02:39.983545,2026-02-28 21:02:57.107897,0 days 00:00:17.124352,78,5,3,11:30,37,14,149,60,28,24.267411176117363,0.11505850147005332,1.0776653008699941,4,51,0.20712943655125968,0.19692065750987908,84,48.0,-28671.749999999975,0.2916666666666667,COMPLETE
159,-2.200572977080205,2026-02-28 21:02:57.210195,2026-02-28 21:03:14.438164,0 days 00:00:17.227969,86,9,1,11:30,24,40,198,61,6,20.82269608869161,0.09861730318751201,0.9258899742626379,1,35,0.0937160255835946,0.19917931659119592,62,109.0,-31538.500000000007,0.29357798165137616,COMPLETE
160,-3.9323669932680185,2026-02-28 21:03:14.557114,2026-02-28 21:03:33.451072,0 days 00:00:18.893958,73,9,1,12:30,17,33,197,62,7,22.279279097700112,0.08382851100236577,1.0259702769859655,2,30,0.11409306399573764,0.15942174268800857,111,164.0,-85438.5,0.3719512195121951,COMPLETE
161,-4.269160136741686,2026-02-28 21:03:33.589320,2026-02-28 21:03:51.594518,0 days 00:00:18.005198,74,8,1,11:30,35,50,199,67,9,24.36601987586672,0.13573595362941726,1.0785524709658667,1,49,0.10794732744888275,0.1912930987408685,104,156.0,-96426.50000000003,0.2564102564102564,COMPLETE
162,-5.627713176267091,2026-02-28 21:03:51.704110,2026-02-28 21:04:08.963093,0 days 00:00:17.258983,59,9,1,13:30,22,19,171,54,28,23.219110901138762,0.11652023984608857,0.7581541110249821,1,13,0.18088090923280437,0.15489167649283958,84,76.0,-68985.74999999997,0.3026315789473684,COMPLETE
163,-2.742072616259285,2026-02-28 21:04:09.065929,2026-02-28 21:04:26.632029,0 days 00:00:17.566100,78,8,2,13:30,33,30,194,97,10,50.65128506065872,0.11827441926640868,0.6320146003170822,2,16,0.18963061637826767,0.15547678003706442,85,109.0,-38379.74999999998,0.29357798165137616,COMPLETE
164,-4.9199558192805375,2026-02-28 21:04:26.738661,2026-02-28 21:04:43.722610,0 days 00:00:16.983949,47,8,2,13:30,31,64,194,101,25,44.98792753315688,0.039731426946435985,0.7441927323633246,1,42,0.09092977474800781,0.35232785656844057,105,100.0,-36193.74999999999,0.47,COMPLETE
165,-6.700800750075348,2026-02-28 21:04:43.824244,2026-02-28 21:05:01.168716,0 days 00:00:17.344472,68,8,2,13:30,33,37,172,110,16,55.34785108530771,0.1326987422979056,0.821919040844405,2,11,0.13155375974595662,0.16288868834086495,104,141.0,-103625.50000000003,0.23404255319148937,COMPLETE
166,-5.459728035319039,2026-02-28 21:05:01.343520,2026-02-28 21:05:19.886312,0 days 00:00:18.542792,81,8,2,13:30,28,31,182,89,6,39.39210039679797,0.08587787708030963,0.6028270263128985,2,21,0.1434556923991257,0.1620251305704245,77,74.0,-50184.750000000015,0.3108108108108108,COMPLETE
167,-6.330689870454478,2026-02-28 21:05:20.045996,2026-02-28 21:05:37.825903,0 days 00:00:17.779907,86,9,1,11:30,22,37,180,62,12,24.759828993330103,0.07990762320436082,0.9673010895396134,1,40,0.1102849935892114,0.2747179583632643,126,144.0,-122785.25,0.3055555555555556,COMPLETE
168,-5.228496294143968,2026-02-28 21:05:37.939420,2026-02-28 21:05:55.243152,0 days 00:00:17.303732,88,7,1,12:00,20,40,174,35,29,31.47621102428697,0.0783698052194513,1.0414914145387761,2,59,0.15388594421755808,0.1541492780230928,89,207.0,-166170.25,0.32367149758454106,COMPLETE
169,-4.9290397453408525,2026-02-28 21:05:55.725031,2026-02-28 21:06:12.897131,0 days 00:00:17.172100,87,9,2,11:30,31,27,180,61,7,31.101538040794022,0.07043246165989607,0.9350952063782373,2,13,0.09256172468006069,0.1501292605872531,64,115.0,-59283.250000000015,0.30434782608695654,COMPLETE
170,-1.964230559120305,2026-02-28 21:06:13.024358,2026-02-28 21:06:30.128220,0 days 00:00:17.103862,85,4,3,13:30,42,27,171,68,28,29.27230561738222,0.12435498328071835,0.9594224809010673,3,45,0.18299939385786587,0.16337254963178155,64,47.0,-13510.749999999987,0.2553191489361702,COMPLETE
171,-4.421791712098263,2026-02-28 21:06:30.239536,2026-02-28 21:06:48.469203,0 days 00:00:18.229667,78,5,3,13:30,39,25,192,59,30,50.464947377587855,0.1352782284112225,0.7646545802950755,3,41,0.17980304422079094,0.1675634312516848,70,35.0,-20449.249999999993,0.2857142857142857,COMPLETE
172,-5.681730286932474,2026-02-28 21:06:48.637098,2026-02-28 21:07:06.659409,0 days 00:00:18.022311,47,10,3,13:30,28,43,111,45,15,35.41043565045176,0.13957682245241515,0.7850789672374017,3,55,0.08156375779053354,0.2807225945092112,80,76.0,-59148.25000000003,0.3026315789473684,COMPLETE
173,-4.371723877575441,2026-02-28 21:07:06.764161,2026-02-28 21:07:23.734668,0 days 00:00:16.970507,65,5,3,13:00,24,48,162,37,29,30.21114241618929,0.11079463415037508,1.0951039574379606,1,33,0.15326990281946185,0.32043197275250396,77,49.0,-35614.499999999985,0.3469387755102041,COMPLETE
174,-4.55020727602045,2026-02-28 21:07:23.852100,2026-02-28 21:07:41.658802,0 days 00:00:17.806702,71,8,3,12:30,27,30,171,102,6,61.28331274727897,0.1386303194157766,0.769859483066045,3,23,0.19846209636209683,0.21607403718155888,80,114.0,-48521.5,0.2631578947368421,COMPLETE
175,-3.2010320099056666,2026-02-28 21:07:41.769136,2026-02-28 21:07:58.977715,0 days 00:00:17.208579,78,10,3,13:30,17,69,153,29,15,36.07316049864394,0.10861842659976273,0.9107627567783507,2,59,0.0825351815524394,0.2581168762339055,120,99.0,-76608.75000000003,0.35353535353535354,COMPLETE
176,-5.728614817866156,2026-02-28 21:07:59.086889,2026-02-28 21:08:16.320509,0 days 00:00:17.233620,60,5,3,12:00,25,22,151,28,24,71.6835322862056,0.10515397446503578,1.0864239691258257,5,31,0.0828869371224299,0.1306731842671292,117,66.0,-75799.99999999997,0.2878787878787879,COMPLETE
177,169.0,2026-02-28 21:08:16.434773,2026-02-28 21:08:34.996355,0 days 00:00:18.561582,82,6,1,13:30,35,22,139,139,14,41.62975243328344,0.11397551814265568,0.529189567697634,2,15,0.2040927152763454,0.12342972271842872,70,16.0,5505.750000000013,0.4375,PRUNED
178,0.0,2026-02-28 21:08:35.145862,2026-02-28 21:08:36.740563,0 days 00:00:01.594701,87,4,4,13:30,33,43,165,83,26,34.2211648054845,0.11079331956350898,0.9730617320439309,3,49,0.15749185316166897,0.23128215540157057,75,,,,PRUNED
179,-4.911876887523486,2026-02-28 21:08:36.863854,2026-02-28 21:08:54.009184,0 days 00:00:17.145330,88,5,3,12:00,29,43,157,75,28,46.97663624206483,0.13902146021712788,1.1947625517849787,1,35,0.09046874293285055,0.25917507625972386,101,50.0,-27438.499999999996,0.2,COMPLETE
180,-7.073837592265044,2026-02-28 21:08:54.138980,2026-02-28 21:09:11.815961,0 days 00:00:17.676981,53,9,4,13:30,19,60,171,45,15,34.43454384580168,0.11768984263336221,0.9663025636644329,2,33,0.08809739798635136,0.18333227498617596,64,90.0,-68040.25000000003,0.2222222222222222,COMPLETE
181,-4.750152864478698,2026-02-28 21:09:11.924280,2026-02-28 21:09:29.134111,0 days 00:00:17.209831,47,7,1,13:30,19,75,140,115,17,35.535337237705455,0.09786940805954064,0.7799373710117341,1,22,0.09128910383104563,0.3341044836362307,83,140.0,-62125.000000000015,0.22142857142857142,COMPLETE
182,-6.768713376316408,2026-02-28 21:09:29.251830,2026-02-28 21:09:46.299614,0 days 00:00:17.047784,78,4,3,12:00,44,11,185,92,30,22.81248799231928,0.12602732152033938,0.8928054454039118,3,51,0.13183081591504647,0.1300487909418,86,38.0,-30201.749999999993,0.15789473684210525,COMPLETE
183,-4.1763289271331745,2026-02-28 21:09:46.414298,2026-02-28 21:10:05.070852,0 days 00:00:18.656554,83,10,1,11:30,35,51,164,132,12,50.53265661900623,0.1280416741550799,0.6482372913347588,1,10,0.21648391746318424,0.13801210415415516,83,47.0,-23593.75,0.2553191489361702,COMPLETE
184,-4.568832431983301,2026-02-28 21:10:05.239375,2026-02-28 21:10:22.602322,0 days 00:00:17.362947,81,8,2,13:30,45,35,175,89,12,55.749404077335456,0.12041441006536839,0.6557872924891582,2,13,0.2155138563649602,0.1449665352660385,101,51.0,-41602.999999999985,0.29411764705882354,COMPLETE
185,-5.932116941565121,2026-02-28 21:10:22.724208,2026-02-28 21:10:39.910299,0 days 00:00:17.186091,69,9,3,13:30,26,73,125,51,18,26.604865050660308,0.10255283745884472,0.8745201387820357,1,52,0.13359782127877828,0.32315771418644074,108,82.0,-74676.75000000001,0.24390243902439024,COMPLETE
186,-6.2801608980081705,2026-02-28 21:10:40.031053,2026-02-28 21:10:57.876279,0 days 00:00:17.845226,63,6,2,12:00,24,12,182,52,25,65.01739904918733,0.0984398920536159,1.1138266141256254,5,51,0.08447149786904434,0.2678743611692174,178,195.0,-163409.5,0.2512820512820513,COMPLETE
187,-6.116530837779937,2026-02-28 21:10:57.996550,2026-02-28 21:11:15.058260,0 days 00:00:17.061710,39,9,2,13:30,29,46,151,101,22,42.599284093072555,0.10281785056304214,0.5467915428962172,1,38,0.13288621313669632,0.19217128004558218,83,46.0,-27203.249999999993,0.2608695652173913,COMPLETE
188,-4.023751332258659,2026-02-28 21:11:15.170967,2026-02-28 21:11:32.392230,0 days 00:00:17.221263,88,10,1,13:00,34,21,165,98,5,48.952897912410556,0.09895756942701178,0.7359817304666008,1,19,0.23448700800557043,0.14822797305042548,60,118.0,-54964.49999999999,0.2796610169491525,COMPLETE
189,-10.079815714533416,2026-02-28 21:11:32.994209,2026-02-28 21:11:50.981781,0 days 00:00:17.987572,80,6,4,13:00,41,25,181,73,27,40.59691905284449,0.09031971886847213,1.002358372043672,3,56,0.15898608568121889,0.12093867295346165,61,58.0,-38974.25000000002,0.20689655172413793,COMPLETE
190,-4.132400620037375,2026-02-28 21:11:51.134421,2026-02-28 21:12:08.471255,0 days 00:00:17.336834,55,4,3,12:00,16,50,176,39,15,39.134888811282664,0.11936894175845375,0.915459307521761,4,52,0.12531280921037122,0.15030166532783718,64,37.0,-23232.499999999996,0.40540540540540543,COMPLETE
191,-5.503239503676138,2026-02-28 21:12:08.582857,2026-02-28 21:12:26.315473,0 days 00:00:17.732616,36,10,3,12:00,32,60,157,36,23,54.56974398213419,0.11615924288827276,1.0951328328350445,1,46,0.09226442421668983,0.18505112084202896,177,147.0,-144758.5,0.24489795918367346,COMPLETE
192,-4.98623514296751,2026-02-28 21:12:26.439500,2026-02-28 21:12:43.621314,0 days 00:00:17.181814,69,8,4,13:30,11,70,175,50,13,46.93201061631927,0.09768951647270072,0.9724456839376013,4,57,0.09536496897516984,0.2359137330076362,86,83.0,-56925.000000000015,0.3373493975903614,COMPLETE
193,-2.3584213772061977,2026-02-28 21:12:43.744122,2026-02-28 21:13:00.759522,0 days 00:00:17.015400,43,4,3,11:30,25,31,191,36,24,55.194594169744775,0.1478121488666982,1.167558710316753,4,59,0.11932275428793204,0.20034203913817383,80,53.0,-24910.99999999999,0.2830188679245283,COMPLETE
194,-2.5838775951966415,2026-02-28 21:13:00.887886,2026-02-28 21:13:19.096622,0 days 00:00:18.208736,40,4,3,11:30,27,36,145,45,23,64.15852066683033,0.11106469279338924,0.96005686599551,4,51,0.12497284976667608,0.23634236613507895,61,51.0,-19387.500000000007,0.29411764705882354,COMPLETE
195,-3.122981820420469,2026-02-28 21:13:19.273932,2026-02-28 21:13:37.542326,0 days 00:00:18.268394,35,5,3,11:30,14,39,195,35,25,41.90347966559459,0.13630211619461605,0.9213238276565351,4,51,0.09342743212829213,0.2518802004555143,127,43.0,-24586.499999999985,0.32558139534883723,COMPLETE
196,-2.7352474827963102,2026-02-28 21:13:37.658373,2026-02-28 21:13:54.806000,0 days 00:00:17.147627,43,5,3,11:30,30,31,193,52,20,48.13239146349493,0.14222995728454899,1.029744962736661,4,51,0.11971271325922378,0.2172785315409874,169,49.0,-28194.5,0.32653061224489793,COMPLETE
197,-4.971005487450485,2026-02-28 21:13:55.310468,2026-02-28 21:14:12.657855,0 days 00:00:17.347387,45,5,2,11:30,31,21,185,34,18,63.582234007233865,0.11893247117333024,1.0887620808919862,3,50,0.150083599732579,0.1947242428576885,88,102.0,-94818.50000000001,0.27450980392156865,COMPLETE
198,-7.352310298784307,2026-02-28 21:14:12.773011,2026-02-28 21:14:29.801995,0 days 00:00:17.028984,70,4,3,11:30,25,39,119,52,26,49.49966083347642,0.12074048059583031,0.8955302243962269,5,54,0.1612887909523576,0.3271921416388595,97,37.0,-36153.25,0.24324324324324326,COMPLETE
199,-4.152818920816848,2026-02-28 21:14:29.919490,2026-02-28 21:14:47.626124,0 days 00:00:17.706634,31,5,3,11:30,18,27,156,31,28,71.58720304694921,0.14878549068605543,1.151629572840188,5,52,0.10888418760665723,0.15767507850355028,102,64.0,-47697.75000000001,0.28125,COMPLETE
200,-0.9343585788674921,2026-02-28 21:14:47.756316,2026-02-28 21:15:05.794249,0 days 00:00:18.037933,64,4,3,12:00,38,59,171,51,23,49.78531780525893,0.10081376275111595,1.0372435519615906,5,59,0.13800004668430635,0.15537784628997814,88,46.0,-7343.4999999999945,0.34782608695652173,COMPLETE
201,-7.326676838861966,2026-02-28 21:15:05.959726,2026-02-28 21:15:23.678565,0 days 00:00:17.718839,66,6,4,12:00,48,59,182,45,26,72.80809432816551,0.1055531291778588,1.0723496916074304,4,50,0.1373485826266366,0.21688690706685815,70,87.0,-66966.0,0.2413793103448276,COMPLETE
202,0.0,2026-02-28 21:15:23.801162,2026-02-28 21:15:25.055029,0 days 00:00:01.253867,55,4,4,12:00,46,59,161,27,18,30.174232360291484,0.08709759438302661,0.856291273015452,5,58,0.16676474905345362,0.21188330361205016,82,,,,PRUNED
203,-4.215118174122391,2026-02-28 21:15:25.564540,2026-02-28 21:15:42.833185,0 days 00:00:17.268645,73,4,2,12:00,27,66,185,54,22,67.09812301875411,0.08199444858877751,1.0374834818802074,4,53,0.17336332558744594,0.10614396435038538,92,103.0,-53503.5,0.3786407766990291,COMPLETE
204,-3.033407342879443,2026-02-28 21:15:42.952906,2026-02-28 21:16:00.164277,0 days 00:00:17.211371,66,9,1,11:30,32,45,167,79,5,25.956222488870768,0.07586666383118848,0.815404665433596,1,37,0.08918751670617281,0.19517923968210213,89,88.0,-28348.75,0.3522727272727273,COMPLETE
205,-3.9222107025020683,2026-02-28 21:16:00.286856,2026-02-28 21:16:17.789875,0 days 00:00:17.503019,34,5,3,11:30,29,22,108,34,18,63.7951693282611,0.10957832687242881,0.8133913588039696,3,57,0.09267686215368201,0.28011480513747417,65,37.0,-18543.999999999993,0.32432432432432434,COMPLETE
206,-6.771297977898627,2026-02-28 21:16:17.918390,2026-02-28 21:16:36.118714,0 days 00:00:18.200324,19,4,3,11:30,34,20,189,52,20,54.698780601297784,0.12440808261650937,0.9303923653003751,5,54,0.16544487727592203,0.21532369491706857,209,42.0,-62366.250000000015,0.21428571428571427,COMPLETE
207,-4.271592214752996,2026-02-28 21:16:36.289928,2026-02-28 21:16:54.019893,0 days 00:00:17.729965,45,9,1,11:30,35,52,172,102,8,24.224855311986488,0.062149578050791604,0.7570379042193411,1,31,0.08967333737973171,0.24316023393871178,109,93.0,-35820.50000000001,0.3763440860215054,COMPLETE
208,-2.21067122499848,2026-02-28 21:16:54.143822,2026-02-28 21:17:11.684566,0 days 00:00:17.540744,82,10,1,11:30,29,40,180,81,7,20.725452979715868,0.06497744123373755,0.6449485518492702,1,32,0.0904038600644565,0.1657062610600707,170,60.0,-14584.250000000005,0.48333333333333334,COMPLETE
209,-3.9955274200222815,2026-02-28 21:17:11.813222,2026-02-28 21:17:28.854739,0 days 00:00:17.041517,74,10,2,11:30,35,35,177,73,6,31.831765560696777,0.0615879863545701,0.5240237169100481,1,33,0.12327296023656126,0.20507876397401392,192,37.0,-23162.750000000007,0.40540540540540543,COMPLETE
210,-1.8917014687621299,2026-02-28 21:17:28.989635,2026-02-28 21:17:46.842712,0 days 00:00:17.853077,62,5,3,12:00,33,74,163,81,17,45.594147359398036,0.11374857456571105,1.1401559193525945,5,56,0.12256541386598549,0.14064708268076695,92,51.0,-12383.750000000002,0.35294117647058826,COMPLETE
211,-2.731562727999542,2026-02-28 21:17:46.972169,2026-02-28 21:18:04.711927,0 days 00:00:17.739758,37,4,3,12:00,31,66,148,88,25,47.66586862138173,0.09363612492462091,1.1358845649004785,5,52,0.18121214816531517,0.18863164114130485,96,52.0,-16409.249999999996,0.3076923076923077,COMPLETE
212,-4.776133797344358,2026-02-28 21:18:04.879106,2026-02-28 21:18:23.318384,0 days 00:00:18.439278,71,10,1,11:30,39,47,189,109,19,24.35628717372073,0.09425068313123623,0.8107537304545596,1,33,0.09604998732036156,0.16198808379956198,73,130.0,-57568.0,0.24615384615384617,COMPLETE
213,-4.469906167128716,2026-02-28 21:18:23.492450,2026-02-28 21:18:41.109561,0 days 00:00:17.617111,32,4,3,12:00,35,64,146,103,28,31.086376164284907,0.13101002486816432,0.976253301278777,5,55,0.1780625325493933,0.1883841941826699,98,45.0,-24778.499999999985,0.2222222222222222,COMPLETE
214,-3.969753468828521,2026-02-28 21:18:41.254194,2026-02-28 21:18:58.354840,0 days 00:00:17.100646,71,5,2,12:00,30,55,123,98,29,25.771925078211275,0.10317149275099996,1.06016438421389,2,48,0.155914676848052,0.30463136374820293,89,93.0,-37261.74999999999,0.26881720430107525,COMPLETE
215,-6.3882805542429475,2026-02-28 21:18:58.472518,2026-02-28 21:19:15.787245,0 days 00:00:17.314727,22,4,2,13:00,29,53,145,70,24,47.084772669084025,0.0645308499855217,1.0413063798536997,5,45,0.18809648367872464,0.2657314381631939,79,109.0,-56454.0,0.3944954128440367,COMPLETE
216,-4.597587173766295,2026-02-28 21:19:16.294563,2026-02-28 21:19:33.482800,0 days 00:00:17.188237,66,4,3,12:00,30,61,186,92,14,40.68264570291396,0.1373268959558577,1.0336093172602834,5,52,0.11736811257897946,0.13297310994292516,129,46.0,-29651.75000000001,0.2391304347826087,COMPLETE
217,-5.0577922670819335,2026-02-28 21:19:33.609918,2026-02-28 21:19:51.621991,0 days 00:00:18.012073,53,5,2,12:00,36,38,170,71,28,38.246657388152755,0.06550603198865373,1.0193072421783762,1,31,0.17441254601879028,0.17255294032222912,75,87.0,-44524.749999999985,0.3563218390804598,COMPLETE
218,-3.5387378058706456,2026-02-28 21:19:51.831316,2026-02-28 21:20:09.971047,0 days 00:00:18.139731,65,4,3,11:30,41,36,156,36,27,55.1816558721477,0.13275949556545397,1.0409910741963802,5,46,0.11886971809521721,0.2042394770027506,64,51.0,-32893.750000000015,0.29411764705882354,COMPLETE
219,-9.914719814646306,2026-02-28 21:20:10.101184,2026-02-28 21:20:27.369941,0 days 00:00:17.268757,58,6,4,12:00,22,67,144,103,28,56.09267979906792,0.0780744108559394,1.0456278222948254,5,53,0.20912202010903,0.2145156378420316,128,73.0,-73647.5,0.2191780821917808,COMPLETE
220,-8.655101277449448,2026-02-28 21:20:27.498844,2026-02-28 21:20:44.676103,0 days 00:00:17.177259,43,7,4,11:30,37,41,143,71,13,45.423850409985235,0.09917506991142497,1.0570412714523267,4,59,0.12782046058615643,0.1890110546381128,150,90.0,-79151.75000000003,0.3333333333333333,COMPLETE
221,-5.181979128720794,2026-02-28 21:20:45.176268,2026-02-28 21:21:02.297262,0 days 00:00:17.120994,31,4,3,12:00,31,47,95,70,27,65.28481035167113,0.07845779958205489,1.0901853398884729,5,52,0.19623175034657347,0.11567785888904378,128,59.0,-41785.75000000001,0.3559322033898305,COMPLETE
222,0.0,2026-02-28 21:21:02.447190,2026-02-28 21:21:03.722145,0 days 00:00:01.274955,59,5,4,12:00,35,61,143,67,18,51.63461825813326,0.06695127500964651,1.0081607710157772,5,59,0.10720960535796514,0.16597712087743216,163,,,,PRUNED
223,-4.283557798730757,2026-02-28 21:21:03.877688,2026-02-28 21:21:22.181821,0 days 00:00:18.304133,19,4,3,13:00,31,29,195,69,24,40.00836932474211,0.13834157671438832,1.111044327992843,5,56,0.08294519081480167,0.21777093566979097,113,56.0,-31929.499999999996,0.21428571428571427,COMPLETE
224,-4.385302918071178,2026-02-28 21:21:22.348975,2026-02-28 21:21:40.553774,0 days 00:00:18.204799,44,7,3,12:00,28,63,95,103,12,53.52328261873273,0.11686190102511466,1.1220323514856954,5,52,0.1412074454276702,0.19482507960140083,97,165.0,-72593.75,0.2909090909090909,COMPLETE
225,-8.731837407143134,2026-02-28 21:21:40.681315,2026-02-28 21:21:58.236072,0 days 00:00:17.554757,56,6,3,11:30,43,44,194,50,20,51.101103084071305,0.12607919712271032,1.1891164242819854,3,37,0.1355337257729155,0.2048721551441446,206,124.0,-182157.75,0.25,COMPLETE
226,-3.581121333831776,2026-02-28 21:21:58.360581,2026-02-28 21:22:15.598312,0 days 00:00:17.237731,49,9,2,12:30,22,61,188,101,26,51.92968030655446,0.08680035965515595,0.5805644883249025,1,27,0.10119304645809125,0.3870048698122538,84,85.0,-31125.249999999978,0.25882352941176473,COMPLETE
227,580.0,2026-02-28 21:22:16.096915,2026-02-28 21:22:33.269777,0 days 00:00:17.172862,42,4,2,12:00,28,46,200,34,23,35.313078781723966,0.08714286163401397,0.5995500069161586,5,50,0.1372483051573624,0.2839464652293466,82,26.0,-23923.25,0.38461538461538464,PRUNED
228,-7.079959452735202,2026-02-28 21:22:33.400186,2026-02-28 21:22:51.761786,0 days 00:00:18.361600,89,9,1,11:30,26,57,156,69,7,33.76326451937164,0.07808139697061292,0.8180110828337558,2,24,0.09587666684113022,0.12834372670621996,193,141.0,-121933.0,0.3404255319148936,COMPLETE
229,-9.622589395611836,2026-02-28 21:22:51.931604,2026-02-28 21:23:10.554009,0 days 00:00:18.622405,37,6,2,12:00,28,64,143,75,24,43.2720350111916,0.08068004144623642,1.0957869330944823,5,59,0.1674116839630057,0.24352774994209064,187,162.0,-175664.5,0.3148148148148148,COMPLETE
230,-4.539530263287913,2026-02-28 21:23:10.676552,2026-02-28 21:23:28.015287,0 days 00:00:17.338735,49,4,2,13:30,46,66,186,64,26,57.39001026722417,0.09092762816980315,1.0418170999791931,5,51,0.14221595165158812,0.14921432632972487,127,100.0,-58572.5,0.35,COMPLETE
231,0.0,2026-02-28 21:23:28.145997,2026-02-28 21:23:29.434760,0 days 00:00:01.288763,71,5,4,12:30,26,33,166,85,24,25.692515088078768,0.09199042301749955,0.9581688780072236,1,36,0.08942105371621148,0.2805073860154919,63,,,,PRUNED
232,-5.835294061313867,2026-02-28 21:23:29.575814,2026-02-28 21:23:47.588320,0 days 00:00:18.012506,58,5,3,12:00,33,54,117,27,24,40.68342014602386,0.06852344358768916,1.1335309597956018,4,59,0.1628843366918634,0.18813947562679434,106,55.0,-57916.0,0.3090909090909091,COMPLETE
233,0.0,2026-02-28 21:23:47.727065,2026-02-28 21:23:49.035644,0 days 00:00:01.308579,63,4,4,13:30,38,17,171,78,29,28.32223269860348,0.14003206356041054,1.1019385687326013,4,53,0.20080529464840496,0.1146196526088012,84,,,,PRUNED
234,0.0,2026-02-28 21:23:49.167395,2026-02-28 21:23:50.991608,0 days 00:00:01.824213,60,5,4,13:00,41,74,168,30,13,34.76399410932999,0.10074602762480374,1.1791646099924797,4,49,0.08797613508798516,0.1431004324761156,74,,,,PRUNED
235,-1.8188480942872856,2026-02-28 21:23:51.204121,2026-02-28 21:24:09.517189,0 days 00:00:18.313068,38,5,3,11:30,34,41,146,63,28,59.15830382732545,0.1298930703591788,1.0018634396336694,3,44,0.11702692597250523,0.3264960976009659,105,53.0,-16935.250000000015,0.33962264150943394,COMPLETE
236,-3.984145406700387,2026-02-28 21:24:10.033861,2026-02-28 21:24:27.253626,0 days 00:00:17.219765,22,5,3,11:30,34,36,128,34,28,22.63579778023056,0.12231612768847158,1.1232903782852885,3,51,0.12505895617206716,0.343022073627472,90,51.0,-38298.0,0.27450980392156865,COMPLETE
237,225.0,2026-02-28 21:24:27.381219,2026-02-28 21:24:44.705640,0 days 00:00:17.324421,84,8,2,13:30,35,41,161,87,17,21.538887441290278,0.06213887115193598,0.5726602778612844,1,13,0.2360277849278843,0.14159161342463092,72,21.0,-6153.249999999993,0.5238095238095238,PRUNED
238,-6.044984984780701,2026-02-28 21:24:44.836569,2026-02-28 21:25:02.609125,0 days 00:00:17.772556,27,6,3,11:30,23,52,136,54,30,57.48459712476446,0.13661384393281717,1.0131640043614214,2,29,0.1429533466638953,0.36974498675496775,81,135.0,-95302.0,0.26666666666666666,COMPLETE
239,-4.540645056115046,2026-02-28 21:25:02.758845,2026-02-28 21:25:20.175255,0 days 00:00:17.416410,25,5,3,11:30,19,43,155,94,20,73.54895397472347,0.12490356583254508,1.0076808755593238,5,56,0.17730549644909716,0.23284857858528057,70,58.0,-28212.999999999985,0.20689655172413793,COMPLETE
240,-4.35186442151647,2026-02-28 21:25:20.353113,2026-02-28 21:25:38.755457,0 days 00:00:18.402344,58,4,2,12:30,24,52,142,39,20,47.52691176800072,0.09072656540556405,0.756409481343076,5,55,0.1115127713559706,0.18265492012665419,108,52.0,-34770.24999999999,0.40384615384615385,COMPLETE
241,0.0,2026-02-28 21:25:39.405889,2026-02-28 21:25:40.737683,0 days 00:00:01.331794,44,4,4,11:30,38,46,117,37,25,76.50079266331541,0.13482319453063626,1.1438351093906554,4,38,0.12990578225926916,0.3339314521551035,120,,,,PRUNED
242,-6.3709460626282555,2026-02-28 21:25:40.895367,2026-02-28 21:25:58.094719,0 days 00:00:17.199352,64,10,1,12:00,41,39,190,55,12,20.280554446860407,0.08735574030245896,0.5715616841327341,1,37,0.09327074199570434,0.2524813700987838,108,48.0,-38282.24999999999,0.2708333333333333,COMPLETE
243,-2.437620627740979,2026-02-28 21:25:58.231757,2026-02-28 21:26:15.281841,0 days 00:00:17.050084,52,4,3,12:00,32,57,111,47,30,31.85670894517515,0.08371310622924708,0.8782887175443924,5,59,0.08751893899498214,0.2641890488460776,81,41.0,-11953.250000000005,0.34146341463414637,COMPLETE
244,-2.494463274515758,2026-02-28 21:26:15.782847,2026-02-28 21:26:32.870321,0 days 00:00:17.087474,87,9,1,13:00,41,40,159,79,16,48.29621269111662,0.14841914764487632,0.6448166035434477,3,14,0.1870306779801578,0.10853370357353251,62,47.0,-13248.000000000002,0.3404255319148936,COMPLETE
245,-2.7600220203243975,2026-02-28 21:26:33.017883,2026-02-28 21:26:50.870877,0 days 00:00:17.852994,84,8,1,13:00,41,38,168,94,10,49.71113380283755,0.14116695403318794,0.6734161936194804,3,33,0.19349100595594212,0.17202517242049464,82,105.0,-40775.000000000015,0.2761904761904762,COMPLETE
246,-5.673061025353122,2026-02-28 21:26:51.056023,2026-02-28 21:27:09.876414,0 days 00:00:18.820391,67,8,1,13:00,34,41,194,91,11,49.52696574214032,0.13752593731711274,0.7881271433012421,3,19,0.18051745582213446,0.19144239873435503,87,173.0,-117314.0,0.23121387283236994,COMPLETE
247,0.0,2026-02-28 21:27:10.020150,2026-02-28 21:27:11.362989,0 days 00:00:01.342839,50,5,4,12:00,28,39,86,84,29,36.41121933141427,0.05815795540773769,1.035759933655362,5,55,0.11566736212578473,0.26017896774975446,70,,,,PRUNED
248,663.0,2026-02-28 21:27:11.507778,2026-02-28 21:27:28.877774,0 days 00:00:17.369996,46,5,3,12:00,32,41,122,53,27,32.770977996194866,0.06431624154816867,0.6906754422901338,3,52,0.08353065405573756,0.36193936206909294,103,26.0,-20832.250000000004,0.3076923076923077,PRUNED
249,-5.299198222969379,2026-02-28 21:27:29.020592,2026-02-28 21:27:46.871765,0 days 00:00:17.851173,86,8,2,12:30,45,28,124,112,7,32.28530998103809,0.13843669554648566,0.6484335756073608,4,34,0.18985719366712134,0.128214265891745,101,69.0,-44550.00000000001,0.2608695652173913,COMPLETE
250,-3.5202750413509554,2026-02-28 21:27:47.033522,2026-02-28 21:28:04.387952,0 days 00:00:17.354430,36,4,2,13:00,31,66,174,88,17,49.279441886817246,0.1011988713532586,1.0100448532642132,5,57,0.11929568872879776,0.11409628079894872,89,88.0,-32665.749999999978,0.29545454545454547,COMPLETE
251,-4.6514719809883776,2026-02-28 21:28:04.529903,2026-02-28 21:28:23.076059,0 days 00:00:18.546156,88,6,1,13:00,47,44,164,42,10,37.57828674900432,0.14157319825845854,0.6123798090918223,3,42,0.20427858074248306,0.1504289920410717,86,56.0,-53574.75,0.26785714285714285,COMPLETE
252,0.0,2026-02-28 21:28:23.809193,2026-02-28 21:28:25.304319,0 days 00:00:01.495126,33,4,4,12:00,25,70,98,34,30,30.888504065890494,0.08751706349909975,0.8698967454589434,4,55,0.1189611181758788,0.32295872534016923,75,,,,PRUNED
253,155.0,2026-02-28 21:28:25.452744,2026-02-28 21:28:42.707672,0 days 00:00:17.254928,83,10,1,13:00,46,33,159,81,26,43.651411403077134,0.13888217054568813,0.5249757682758464,4,13,0.23206066573539177,0.13742961326349307,99,16.0,-6386.5,0.3125,PRUNED
254,-6.125741942162491,2026-02-28 21:28:42.852952,2026-02-28 21:29:00.423524,0 days 00:00:17.570572,30,6,3,11:30,26,29,157,106,27,53.51098921335781,0.11530989772142104,0.9825005546851144,3,46,0.10929772707230508,0.32387676595209924,131,119.0,-84050.75,0.21008403361344538,COMPLETE
255,-5.071985952873095,2026-02-28 21:29:00.957299,2026-02-28 21:29:18.220604,0 days 00:00:17.263305,57,4,3,11:30,32,35,191,72,22,57.852689967676426,0.12326014635514172,0.9388946825675355,4,51,0.09120617505251591,0.21491346378027323,212,44.0,-28670.0,0.25,COMPLETE
256,-5.5756276334493,2026-02-28 21:29:18.381202,2026-02-28 21:29:36.942434,0 days 00:00:18.561232,58,6,2,12:30,23,27,158,36,24,61.45404158622987,0.0853998902705915,1.1385629362740353,5,44,0.08266145671981837,0.12085715010005009,233,208.0,-179517.5,0.3076923076923077,COMPLETE
257,0.0,2026-02-28 21:29:37.137202,2026-02-28 21:29:39.063769,0 days 00:00:01.926567,39,5,4,11:30,32,41,177,51,25,46.2663168243802,0.14528290084435577,1.1931402112163674,3,55,0.1150212335865881,0.16326040310239026,70,,,,PRUNED
258,-2.745450171621259,2026-02-28 21:29:39.700912,2026-02-28 21:29:57.288677,0 days 00:00:17.587765,47,9,1,13:30,32,38,116,79,10,38.92993141187626,0.12878570491664215,0.5370454486630415,1,24,0.20118446906317783,0.12493116181689655,62,66.0,-21517.999999999993,0.2878787878787879,COMPLETE
259,-3.1150793923500606,2026-02-28 21:29:57.418852,2026-02-28 21:30:14.674798,0 days 00:00:17.255946,81,5,2,13:30,41,11,167,39,27,38.382914864223274,0.0991509219313245,0.9123946369074734,3,53,0.16398701043500574,0.11211237203678898,93,78.0,-47430.24999999999,0.3333333333333333,COMPLETE
260,-5.015678615526229,2026-02-28 21:30:14.817535,2026-02-28 21:30:32.598749,0 days 00:00:17.781214,39,9,1,13:30,31,39,128,99,18,48.73582898160526,0.13880187789171522,0.5107096023915012,1,32,0.22495792514727803,0.1105370564432128,74,47.0,-28948.999999999996,0.23404255319148937,COMPLETE
261,0.0,2026-02-28 21:30:32.738865,2026-02-28 21:30:34.136109,0 days 00:00:01.397244,63,5,4,11:30,24,20,199,45,17,33.878057031603674,0.14959360499893165,0.9657287444614601,5,44,0.14202087484747988,0.15303898734458798,107,,,,PRUNED
262,-6.011913891634551,2026-02-28 21:30:34.271412,2026-02-28 21:30:52.563402,0 days 00:00:18.291990,26,9,1,13:30,35,71,83,79,11,25.40870852147239,0.12414502579144691,0.5636841488802311,1,19,0.22264773690869713,0.11412441177107847,171,80.0,-67848.49999999999,0.3375,COMPLETE
263,-3.3959836295645776,2026-02-28 21:30:52.789371,2026-02-28 21:31:11.201128,0 days 00:00:18.411757,51,8,1,11:30,40,13,193,100,23,25.737760195346574,0.10169990342156426,0.6091406092491016,2,46,0.08404328177732445,0.3393045222121859,78,61.0,-21322.24999999998,0.22950819672131148,COMPLETE
264,-5.039561647534628,2026-02-28 21:31:11.341218,2026-02-28 21:31:28.571295,0 days 00:00:17.230077,77,8,1,13:00,37,37,146,87,13,46.240765259230216,0.12947671690014698,0.5343197535264653,5,34,0.17913729602939743,0.18574018220528782,86,55.0,-38473.499999999985,0.21818181818181817,COMPLETE
265,-7.212259791999971,2026-02-28 21:31:28.746804,2026-02-28 21:31:46.772912,0 days 00:00:18.026108,16,6,3,11:30,43,31,182,32,29,74.86879335682275,0.1409787343988133,0.8474182862508002,2,44,0.11958378960239427,0.3659969090324402,157,103.0,-114856.75,0.1941747572815534,COMPLETE
266,-6.760846190013408,2026-02-28 21:31:46.913203,2026-02-28 21:32:04.686211,0 days 00:00:17.773008,83,9,2,13:00,35,25,119,66,15,60.74206504122472,0.14727802167863746,0.8561547701923867,2,16,0.16913209771212193,0.10247648155784529,117,204.0,-170792.75000000003,0.27450980392156865,COMPLETE
267,-3.6209514846223425,2026-02-28 21:32:04.840558,2026-02-28 21:32:23.127433,0 days 00:00:18.286875,77,10,2,13:00,47,40,167,64,15,68.45845482540007,0.13613261777344288,0.6141634742138532,3,26,0.19297680656863617,0.11990148610358237,82,118.0,-57259.5,0.2966101694915254,COMPLETE
268,762.0,2026-02-28 21:32:23.755271,2026-02-28 21:32:41.410518,0 days 00:00:17.655247,43,5,3,12:00,44,45,114,72,30,33.409927979222154,0.09065839823432131,0.7122925017188673,5,56,0.11341549769989277,0.20946369086966918,152,26.0,-18775.00000000002,0.3076923076923077,PRUNED
269,0.0,2026-02-28 21:32:41.565824,2026-02-28 21:32:42.938029,0 days 00:00:01.372205,47,4,4,12:00,37,54,188,69,21,51.46901728196268,0.125409979926975,0.9844435992548701,5,60,0.15693595921535436,0.11200951774595183,120,,,,PRUNED
270,-3.1819569301186363,2026-02-28 21:32:43.088894,2026-02-28 21:33:00.388306,0 days 00:00:17.299412,65,4,2,12:00,26,57,85,56,25,32.71793644380105,0.1084850591259244,0.7405569469132326,5,59,0.09245012097105325,0.27398781717004483,81,44.0,-15701.24999999999,0.36363636363636365,COMPLETE
271,-2.8983556875133485,2026-02-28 21:33:00.912933,2026-02-28 21:33:18.119021,0 days 00:00:17.206088,88,8,1,13:00,30,61,173,71,17,35.781781546019076,0.13950735262117017,0.5021530257476094,2,17,0.195426903483379,0.1394967033843637,82,80.0,-32458.250000000007,0.3125,COMPLETE
272,-5.4528690935178945,2026-02-28 21:33:18.259131,2026-02-28 21:33:35.863247,0 days 00:00:17.604116,49,6,4,11:30,36,39,82,77,28,60.52550065210246,0.11216752688217646,0.866758698536443,3,47,0.13347122045409662,0.3063461991367805,89,59.0,-34162.25,0.23728813559322035,COMPLETE
273,122.0,2026-02-28 21:33:36.067906,2026-02-28 21:33:55.032443,0 days 00:00:18.964537,29,10,2,13:30,35,34,91,102,8,39.47964947047583,0.1420861683876404,0.5118725983420935,1,15,0.16848747307544393,0.13048156196906222,102,11.0,-5732.249999999999,0.36363636363636365,PRUNED
274,-4.948600049876431,2026-02-28 21:33:55.240759,2026-02-28 21:34:12.771200,0 days 00:00:17.530441,58,4,2,12:00,40,70,139,87,17,51.402222919438266,0.11363830983483222,1.1683466364317223,5,47,0.15469820387439098,0.14647025803466163,76,106.0,-54187.25000000001,0.27358490566037735,COMPLETE
275,-8.198187778352445,2026-02-28 21:34:12.917143,2026-02-28 21:34:30.994389,0 days 00:00:18.077246,78,9,2,13:30,22,18,156,83,9,54.524791712542246,0.1428310535613642,0.6543190448016253,3,22,0.21479591653257632,0.1688441515125665,164,113.0,-128347.75,0.24778761061946902,COMPLETE
276,-5.584643003449511,2026-02-28 21:34:31.140873,2026-02-28 21:34:48.406131,0 days 00:00:17.265258,89,9,2,11:30,14,46,181,47,6,21.38474787811197,0.06764557685845551,1.012687780537265,1,37,0.08721321800370259,0.10223286916871455,94,108.0,-69380.25000000001,0.37962962962962965,COMPLETE
277,-8.322517935447724,2026-02-28 21:34:48.549027,2026-02-28 21:35:06.170156,0 days 00:00:17.621129,66,8,1,11:30,15,22,171,82,9,24.172436626542513,0.0410031481763525,0.560643646149164,2,46,0.0891030961036365,0.15126794634296586,182,45.0,-27450.0,0.37777777777777777,COMPLETE
278,-6.197320037394911,2026-02-28 21:35:06.858531,2026-02-28 21:35:25.177045,0 days 00:00:18.318514,28,4,3,11:30,23,39,144,60,26,71.09795944104533,0.07770438443874458,0.764594183421091,5,40,0.13708365478016893,0.2715156503218932,104,42.0,-29826.75,0.2857142857142857,COMPLETE
279,-2.508850025479084,2026-02-28 21:35:25.328247,2026-02-28 21:35:42.755264,0 days 00:00:17.427017,46,9,1,11:30,26,56,117,65,11,47.76005205192209,0.13318276442056493,0.5065930812345691,1,17,0.173513460181901,0.17162530582159552,84,77.0,-26406.249999999985,0.33766233766233766,COMPLETE
280,-4.911410199241562,2026-02-28 21:35:42.901627,2026-02-28 21:36:00.871718,0 days 00:00:17.970091,67,7,3,12:00,46,74,169,98,20,36.81681304580237,0.09291851754602243,1.147728032820716,5,58,0.12157350788305137,0.1999681236066968,77,161.0,-64033.50000000002,0.30434782608695654,COMPLETE
281,0.0,2026-02-28 21:36:01.032688,2026-02-28 21:36:02.462891,0 days 00:00:01.430203,49,4,4,11:30,23,38,179,30,26,67.78815624323148,0.1196325750999102,1.1404838834104345,3,58,0.1751754021998965,0.23647770329654547,61,,,,PRUNED
282,-4.479790908999998,2026-02-28 21:36:02.621022,2026-02-28 21:36:20.054526,0 days 00:00:17.433504,55,6,2,11:30,30,62,178,43,28,68.63236936235532,0.134100457838277,0.8077900245749945,1,51,0.12020859313298152,0.31199132441623256,93,114.0,-82787.25,0.2543859649122807,COMPLETE
283,-3.133867185630591,2026-02-28 21:36:20.639983,2026-02-28 21:36:39.467076,0 days 00:00:18.827093,25,4,3,12:30,12,18,128,63,25,38.00053613408864,0.1448353483820907,1.150996364175308,4,60,0.1100899453432413,0.11281066382701828,96,55.0,-24960.75,0.2545454545454545,COMPLETE
284,121.0,2026-02-28 21:36:39.693986,2026-02-28 21:36:57.019704,0 days 00:00:17.325718,37,10,1,11:30,26,57,132,101,9,50.150824190909475,0.11547722666570318,0.5253849737691657,1,14,0.14825311244539358,0.25069024902269677,120,14.0,-10304.999999999989,0.35714285714285715,PRUNED
285,-5.153146188547681,2026-02-28 21:36:57.169988,2026-02-28 21:37:14.812711,0 days 00:00:17.642723,78,5,3,13:30,50,45,173,69,28,31.40338770674203,0.10377871111189876,1.059962928239566,3,42,0.18884948208620927,0.18935941211734544,107,55.0,-49028.75,0.2545454545454545,COMPLETE
286,-3.5158521797459588,2026-02-28 21:37:14.954705,2026-02-28 21:37:32.374792,0 days 00:00:17.420087,65,9,1,13:30,31,20,130,79,10,35.276350711486785,0.10812655772438673,0.6026169557405662,2,29,0.2067316034902509,0.10599785310226818,103,79.0,-45346.0,0.3670886075949367,COMPLETE
287,-6.957841916786028,2026-02-28 21:37:32.519519,2026-02-28 21:37:50.482155,0 days 00:00:17.962636,84,9,1,13:00,41,50,183,47,16,40.43988927068002,0.1424700831746941,0.7217024106490846,4,15,0.1719994925642793,0.1182768229639261,109,69.0,-96418.0,0.2753623188405797,COMPLETE
288,-2.5788952123922626,2026-02-28 21:37:50.713751,2026-02-28 21:38:09.190471,0 days 00:00:18.476720,56,8,1,13:30,23,45,90,59,7,35.95430260900996,0.14120469101515282,0.6513250775441464,1,22,0.24589941652644667,0.13034882302053674,61,93.0,-31799.75,0.3010752688172043,COMPLETE
289,-4.358337325479938,2026-02-28 21:38:09.408688,2026-02-28 21:38:26.914895,0 days 00:00:17.506207,52,9,2,13:30,23,58,86,34,5,45.64550662476684,0.11299417473103363,0.7751913552624023,1,30,0.20700587730282435,0.21339872907110904,61,95.0,-71012.75000000003,0.3894736842105263,COMPLETE
290,-4.752430461838279,2026-02-28 21:38:27.445147,2026-02-28 21:38:44.873815,0 days 00:00:17.428668,59,9,1,11:30,32,71,69,54,12,37.36950448697225,0.13043314310311552,0.5079925903841812,2,20,0.17054974391879366,0.12171371334640269,94,68.0,-47103.50000000001,0.3088235294117647,COMPLETE
291,-4.8041050343133795,2026-02-28 21:38:45.027486,2026-02-28 21:39:02.493731,0 days 00:00:17.466245,47,10,1,12:00,17,50,57,82,5,26.270465340244264,0.13320520576357728,0.7571186124323985,1,20,0.21695673068774612,0.17428928616341105,76,101.0,-58165.75,0.26732673267326734,COMPLETE
292,0.0,2026-02-28 21:39:02.652418,2026-02-28 21:39:04.068538,0 days 00:00:01.416120,20,5,4,12:00,35,64,165,78,23,49.54717626831285,0.08111474776624426,1.156153766315782,4,51,0.178479006343527,0.20206143669349963,86,,,,PRUNED
293,-5.803463968374105,2026-02-28 21:39:04.599140,2026-02-28 21:39:23.205248,0 days 00:00:18.606108,38,9,3,13:30,19,56,165,41,19,40.76698343189994,0.08745831734511181,1.1040839857892784,2,57,0.08547165701918354,0.1828129714513063,120,167.0,-134797.25,0.3473053892215569,COMPLETE
294,-3.653760804038787,2026-02-28 21:39:23.424025,2026-02-28 21:39:41.468540,0 days 00:00:18.044515,56,8,1,13:30,22,48,89,79,5,26.700102732091786,0.09354613401960521,0.5292604325897463,2,17,0.2492888104661126,0.10601273120215446,63,60.0,-25514.00000000001,0.35,COMPLETE
295,-2.6377132253737434,2026-02-28 21:39:42.020628,2026-02-28 21:39:59.275193,0 days 00:00:17.254565,35,8,1,11:30,10,62,121,69,11,51.063304782785934,0.13103319633408161,0.5155528963222205,2,22,0.18638745278480556,0.20759319319230948,61,74.0,-23345.499999999985,0.32432432432432434,COMPLETE
296,-6.225077948704872,2026-02-28 21:39:59.436580,2026-02-28 21:40:16.870411,0 days 00:00:17.433831,36,9,2,11:30,14,68,102,52,6,75.64660843143837,0.11736928973789172,0.6453021099627403,1,35,0.23119373032945972,0.14609191189452533,95,104.0,-82884.75,0.25961538461538464,COMPLETE
297,-5.843315291767804,2026-02-28 21:40:17.034247,2026-02-28 21:40:34.761421,0 days 00:00:17.727174,44,8,2,11:30,10,54,109,75,19,68.20716873297194,0.12451723875920277,0.611094959513711,2,31,0.15737545934152966,0.2167255447833751,63,100.0,-53294.49999999999,0.25,COMPLETE
298,-3.7899216510531994,2026-02-28 21:40:34.926635,2026-02-28 21:40:53.346101,0 days 00:00:18.419466,76,5,3,12:00,29,24,177,129,27,42.0362580296522,0.07463776416710272,1.1227022486337295,3,43,0.18351377880661446,0.1296582481517178,70,53.0,-18148.24999999998,0.3018867924528302,COMPLETE
299,-6.215883124185838,2026-02-28 21:40:53.565093,2026-02-28 21:41:12.117842,0 days 00:00:18.552749,51,6,1,11:30,25,37,119,79,15,37.98148602008006,0.10974104198938014,0.8094690976743121,1,31,0.23796826580554367,0.12448113265643816,105,116.0,-92717.75000000003,0.27586206896551724,COMPLETE
